{
  "config": {
    "version": "V28-PROOF",
    "timestamp_start": 1772286956274405609,
    "alignment_bytes": 64,
    "simd_enabled": true,
    "forensic_mode": "FULL",
    "cache_line_size": 64,
    "l1_cache_size": 32768,
    "l2_cache_size": 262144,
    "l3_cache_size": 8388608
  },
  "summary": {
    "session_id": "37a7228d66f7cca0",
    "total_events": 77,
    "total_metrics": 25,
    "duration_ns": 47415216589,
    "log_file": "./v28_forensic_logs/forensic_v28_37a7228d66f7cca0.log",
    "wal_file": "./v28_forensic_logs/wal_v28_37a7228d66f7cca0.bin"
  },
  "metrics": [
    {
      "name": "B1_CREATE_DESTROY_OPS_SEC",
      "value": 1117807.2734825038,
      "unit": "ops/s",
      "category": "BLOC1",
      "timestamp_ns": 1772286956302138547,
      "metadata": {}
    },
    {
      "name": "B1_CREATE_DESTROY_MEAN",
      "value": 894.6086,
      "unit": "ns",
      "category": "BLOC1",
      "timestamp_ns": 1772286956302388809,
      "metadata": {}
    },
    {
      "name": "B1_MOVE_THROUGHPUT",
      "value": 3.0107445947725946,
      "unit": "GB/s",
      "category": "BLOC1",
      "timestamp_ns": 1772286956306072809,
      "metadata": {}
    },
    {
      "name": "B1_FUSE_ELEM_SEC",
      "value": 8398722.28558125,
      "unit": "elem/s",
      "category": "BLOC1",
      "timestamp_ns": 1772286956342370513,
      "metadata": {}
    },
    {
      "name": "B1_SPLIT_PER_SEC",
      "value": 5052345.456646771,
      "unit": "splits/s",
      "category": "BLOC1",
      "timestamp_ns": 1772286956345218467,
      "metadata": {}
    },
    {
      "name": "B1_ALIGN_SPEEDUP",
      "value": 0.6919443892600826,
      "unit": "x",
      "category": "BLOC1",
      "timestamp_ns": 1772286956720623282,
      "metadata": {}
    },
    {
      "name": "B1_SCALING_2T_EFF",
      "value": 52.873377637965866,
      "unit": "%",
      "category": "BLOC1",
      "timestamp_ns": 1772286956724828182,
      "metadata": {}
    },
    {
      "name": "B2_L1_SEQ_RAND_RATIO",
      "value": 2.137392870570329,
      "unit": "x",
      "category": "BLOC2",
      "timestamp_ns": 1772286957297271784,
      "metadata": {}
    },
    {
      "name": "B2_LOCALITY_256W",
      "value": 55.232705449218756,
      "unit": "ns/access",
      "category": "BLOC2",
      "timestamp_ns": 1772287002266004206,
      "metadata": {}
    },
    {
      "name": "B2_CACHELINE_RATIO",
      "value": 0.9511796472206527,
      "unit": "x",
      "category": "BLOC2",
      "timestamp_ns": 1772287003134011745,
      "metadata": {}
    },
    {
      "name": "B2_SATURATION_MB",
      "value": 0,
      "unit": "MB",
      "category": "BLOC2",
      "timestamp_ns": 1772287003258477313,
      "metadata": {}
    },
    {
      "name": "B3_REPLAY_SUCCESS",
      "value": 100.0,
      "unit": "%",
      "category": "BLOC3",
      "timestamp_ns": 1772287003264562788,
      "metadata": {}
    },
    {
      "name": "B3_FAULT_DETECT",
      "value": 1,
      "unit": "bool",
      "category": "BLOC3",
      "timestamp_ns": 1772287003265222950,
      "metadata": {}
    },
    {
      "name": "B3_LOG_COMPLETE",
      "value": 100.0,
      "unit": "%",
      "category": "BLOC3",
      "timestamp_ns": 1772287003265837326,
      "metadata": {}
    },
    {
      "name": "B3_LOG_OVERHEAD",
      "value": 49.794606167574,
      "unit": "%",
      "category": "BLOC3",
      "timestamp_ns": 1772287003273979015,
      "metadata": {}
    },
    {
      "name": "B4_LUM_OVERHEAD_AVG",
      "value": 470.4000847277187,
      "unit": "%",
      "category": "BLOC4",
      "timestamp_ns": 1772287003287331593,
      "metadata": {}
    },
    {
      "name": "B4_DIFFERENTIATION",
      "value": 60.0,
      "unit": "%",
      "category": "BLOC4",
      "timestamp_ns": 1772287003287772859,
      "metadata": {}
    },
    {
      "name": "B4_IMPL_LOC",
      "value": 1250,
      "unit": "lines",
      "category": "BLOC4",
      "timestamp_ns": 1772287003288034418,
      "metadata": {}
    },
    {
      "name": "B5_WAL_ROTATION_COUNT",
      "value": 0,
      "unit": "rotations",
      "category": "BLOC5",
      "timestamp_ns": 1772287003300928574,
      "metadata": {}
    },
    {
      "name": "B5_COMPRESSION_RATIO",
      "value": 358.56573705179284,
      "unit": "x",
      "category": "BLOC5",
      "timestamp_ns": 1772287003304025192,
      "metadata": {}
    },
    {
      "name": "B5_SAMPLING_1K_RATE",
      "value": 0.5,
      "unit": "ratio",
      "category": "BLOC5",
      "timestamp_ns": 1772287003545099799,
      "metadata": {}
    },
    {
      "name": "B6_SPEC_COMPLETE",
      "value": 1,
      "unit": "bool",
      "category": "BLOC6",
      "timestamp_ns": 1772287003546038678,
      "metadata": {}
    },
    {
      "name": "B6_TERM_STABILITY",
      "value": 100.0,
      "unit": "%",
      "category": "BLOC6",
      "timestamp_ns": 1772287003546303391,
      "metadata": {}
    },
    {
      "name": "B6_IMPLEMENT_SCORE",
      "value": 80.0,
      "unit": "%",
      "category": "BLOC6",
      "timestamp_ns": 1772287003546524955,
      "metadata": {}
    },
    {
      "name": "B6_AUDIT_READY",
      "value": 1,
      "unit": "bool",
      "category": "BLOC6",
      "timestamp_ns": 1772287003546711637,
      "metadata": {}
    }
  ]
}