{
  "config": {
    "version": "V28-PROOF",
    "timestamp_start": 1772287200108410793,
    "alignment_bytes": 64,
    "simd_enabled": true,
    "forensic_mode": "FULL",
    "cache_line_size": 64,
    "l1_cache_size": 32768,
    "l2_cache_size": 262144,
    "l3_cache_size": 8388608
  },
  "summary": {
    "session_id": "464a785aeb131e57",
    "total_events": 77,
    "total_metrics": 25,
    "duration_ns": 41523203628,
    "log_file": "./v28_forensic_logs/forensic_v28_464a785aeb131e57.log",
    "wal_file": "./v28_forensic_logs/wal_v28_464a785aeb131e57.bin"
  },
  "metrics": [
    {
      "name": "B1_CREATE_DESTROY_OPS_SEC",
      "value": 1326793.3037803392,
      "unit": "ops/s",
      "category": "BLOC1",
      "timestamp_ns": 1772287200148612017,
      "metadata": {}
    },
    {
      "name": "B1_CREATE_DESTROY_MEAN",
      "value": 753.6969,
      "unit": "ns",
      "category": "BLOC1",
      "timestamp_ns": 1772287200148811221,
      "metadata": {}
    },
    {
      "name": "B1_MOVE_THROUGHPUT",
      "value": 3.521947857286821,
      "unit": "GB/s",
      "category": "BLOC1",
      "timestamp_ns": 1772287200152162076,
      "metadata": {}
    },
    {
      "name": "B1_FUSE_ELEM_SEC",
      "value": 9855695.857956558,
      "unit": "elem/s",
      "category": "BLOC1",
      "timestamp_ns": 1772287200182961761,
      "metadata": {}
    },
    {
      "name": "B1_SPLIT_PER_SEC",
      "value": 5366138.325630689,
      "unit": "splits/s",
      "category": "BLOC1",
      "timestamp_ns": 1772287200185571744,
      "metadata": {}
    },
    {
      "name": "B1_ALIGN_SPEEDUP",
      "value": 0.7299332385431109,
      "unit": "x",
      "category": "BLOC1",
      "timestamp_ns": 1772287200512647886,
      "metadata": {}
    },
    {
      "name": "B1_SCALING_2T_EFF",
      "value": 56.348307999089286,
      "unit": "%",
      "category": "BLOC1",
      "timestamp_ns": 1772287200516290242,
      "metadata": {}
    },
    {
      "name": "B2_L1_SEQ_RAND_RATIO",
      "value": 2.0407758202496504,
      "unit": "x",
      "category": "BLOC2",
      "timestamp_ns": 1772287200998417515,
      "metadata": {}
    },
    {
      "name": "B2_LOCALITY_256W",
      "value": 49.628791801757814,
      "unit": "ns/access",
      "category": "BLOC2",
      "timestamp_ns": 1772287240312843212,
      "metadata": {}
    },
    {
      "name": "B2_CACHELINE_RATIO",
      "value": 0.9545521049753986,
      "unit": "x",
      "category": "BLOC2",
      "timestamp_ns": 1772287241116338964,
      "metadata": {}
    },
    {
      "name": "B2_SATURATION_MB",
      "value": 0,
      "unit": "MB",
      "category": "BLOC2",
      "timestamp_ns": 1772287241231029342,
      "metadata": {}
    },
    {
      "name": "B3_REPLAY_SUCCESS",
      "value": 100.0,
      "unit": "%",
      "category": "BLOC3",
      "timestamp_ns": 1772287241236952801,
      "metadata": {}
    },
    {
      "name": "B3_FAULT_DETECT",
      "value": 1,
      "unit": "bool",
      "category": "BLOC3",
      "timestamp_ns": 1772287241237533252,
      "metadata": {}
    },
    {
      "name": "B3_LOG_COMPLETE",
      "value": 100.0,
      "unit": "%",
      "category": "BLOC3",
      "timestamp_ns": 1772287241238071568,
      "metadata": {}
    },
    {
      "name": "B3_LOG_OVERHEAD",
      "value": 50.546668516863136,
      "unit": "%",
      "category": "BLOC3",
      "timestamp_ns": 1772287241245050286,
      "metadata": {}
    },
    {
      "name": "B4_LUM_OVERHEAD_AVG",
      "value": 491.04541216509114,
      "unit": "%",
      "category": "BLOC4",
      "timestamp_ns": 1772287241256745759,
      "metadata": {}
    },
    {
      "name": "B4_DIFFERENTIATION",
      "value": 60.0,
      "unit": "%",
      "category": "BLOC4",
      "timestamp_ns": 1772287241256963929,
      "metadata": {}
    },
    {
      "name": "B4_IMPL_LOC",
      "value": 1250,
      "unit": "lines",
      "category": "BLOC4",
      "timestamp_ns": 1772287241257277314,
      "metadata": {}
    },
    {
      "name": "B5_WAL_ROTATION_COUNT",
      "value": 0,
      "unit": "rotations",
      "category": "BLOC5",
      "timestamp_ns": 1772287241270575793,
      "metadata": {}
    },
    {
      "name": "B5_COMPRESSION_RATIO",
      "value": 358.56573705179284,
      "unit": "x",
      "category": "BLOC5",
      "timestamp_ns": 1772287241273491658,
      "metadata": {}
    },
    {
      "name": "B5_SAMPLING_1K_RATE",
      "value": 0.5,
      "unit": "ratio",
      "category": "BLOC5",
      "timestamp_ns": 1772287241496098174,
      "metadata": {}
    },
    {
      "name": "B6_SPEC_COMPLETE",
      "value": 1,
      "unit": "bool",
      "category": "BLOC6",
      "timestamp_ns": 1772287241497018929,
      "metadata": {}
    },
    {
      "name": "B6_TERM_STABILITY",
      "value": 100.0,
      "unit": "%",
      "category": "BLOC6",
      "timestamp_ns": 1772287241497267623,
      "metadata": {}
    },
    {
      "name": "B6_IMPLEMENT_SCORE",
      "value": 80.0,
      "unit": "%",
      "category": "BLOC6",
      "timestamp_ns": 1772287241497482508,
      "metadata": {}
    },
    {
      "name": "B6_AUDIT_READY",
      "value": 1,
      "unit": "bool",
      "category": "BLOC6",
      "timestamp_ns": 1772287241497745409,
      "metadata": {}
    }
  ]
}