{
  "config": {
    "version": "V28-PROOF",
    "timestamp_start": 1772232833424795879,
    "alignment_bytes": 64,
    "simd_enabled": true,
    "forensic_mode": "FULL",
    "cache_line_size": 64,
    "l1_cache_size": 32768,
    "l2_cache_size": 262144,
    "l3_cache_size": 8388608
  },
  "summary": {
    "session_id": "e1002904a89b6256",
    "total_events": 76,
    "total_metrics": 25,
    "duration_ns": 45967061524,
    "log_file": "./v28_forensic_logs/forensic_v28_e1002904a89b6256.log",
    "wal_file": "./v28_forensic_logs/wal_v28_e1002904a89b6256.bin"
  },
  "metrics": [
    {
      "name": "B1_CREATE_DESTROY_OPS_SEC",
      "value": 1015032.6332991605,
      "unit": "ops/s",
      "category": "BLOC1",
      "timestamp_ns": 1772232833450874655,
      "metadata": {}
    },
    {
      "name": "B1_CREATE_DESTROY_MEAN",
      "value": 985.19,
      "unit": "ns",
      "category": "BLOC1",
      "timestamp_ns": 1772232833451159709,
      "metadata": {}
    },
    {
      "name": "B1_MOVE_THROUGHPUT",
      "value": 2.9484255868057954,
      "unit": "GB/s",
      "category": "BLOC1",
      "timestamp_ns": 1772232833455043993,
      "metadata": {}
    },
    {
      "name": "B1_FUSE_ELEM_SEC",
      "value": 7208108.545464965,
      "unit": "elem/s",
      "category": "BLOC1",
      "timestamp_ns": 1772232833496870784,
      "metadata": {}
    },
    {
      "name": "B1_SPLIT_PER_SEC",
      "value": 4773548.811326676,
      "unit": "splits/s",
      "category": "BLOC1",
      "timestamp_ns": 1772232833499942758,
      "metadata": {}
    },
    {
      "name": "B1_ALIGN_SPEEDUP",
      "value": 0.5941140353952168,
      "unit": "x",
      "category": "BLOC1",
      "timestamp_ns": 1772232833830192224,
      "metadata": {}
    },
    {
      "name": "B1_SCALING_2T_EFF",
      "value": 51.49678337304332,
      "unit": "%",
      "category": "BLOC1",
      "timestamp_ns": 1772232833835013551,
      "metadata": {}
    },
    {
      "name": "B2_L1_SEQ_RAND_RATIO",
      "value": 2.2963570813016903,
      "unit": "x",
      "category": "BLOC2",
      "timestamp_ns": 1772232834412718363,
      "metadata": {}
    },
    {
      "name": "B2_LOCALITY_256W",
      "value": 53.163117548828126,
      "unit": "ns/access",
      "category": "BLOC2",
      "timestamp_ns": 1772232877937260452,
      "metadata": {}
    },
    {
      "name": "B2_CACHELINE_RATIO",
      "value": 0.9535939554722224,
      "unit": "x",
      "category": "BLOC2",
      "timestamp_ns": 1772232878784845995,
      "metadata": {}
    },
    {
      "name": "B2_SATURATION_MB",
      "value": 0,
      "unit": "MB",
      "category": "BLOC2",
      "timestamp_ns": 1772232878905336446,
      "metadata": {}
    },
    {
      "name": "B3_REPLAY_SUCCESS",
      "value": 100.0,
      "unit": "%",
      "category": "BLOC3",
      "timestamp_ns": 1772232878912628516,
      "metadata": {}
    },
    {
      "name": "B3_FAULT_DETECT",
      "value": 1,
      "unit": "bool",
      "category": "BLOC3",
      "timestamp_ns": 1772232878913390172,
      "metadata": {}
    },
    {
      "name": "B3_LOG_COMPLETE",
      "value": 100.0,
      "unit": "%",
      "category": "BLOC3",
      "timestamp_ns": 1772232878914119641,
      "metadata": {}
    },
    {
      "name": "B3_LOG_OVERHEAD",
      "value": 52.47529467205827,
      "unit": "%",
      "category": "BLOC3",
      "timestamp_ns": 1772232878922131588,
      "metadata": {}
    },
    {
      "name": "B4_LUM_OVERHEAD_AVG",
      "value": 561.7968226488435,
      "unit": "%",
      "category": "BLOC4",
      "timestamp_ns": 1772232878937098441,
      "metadata": {}
    },
    {
      "name": "B4_DIFFERENTIATION",
      "value": 60.0,
      "unit": "%",
      "category": "BLOC4",
      "timestamp_ns": 1772232878937496144,
      "metadata": {}
    },
    {
      "name": "B4_IMPL_LOC",
      "value": 1250,
      "unit": "lines",
      "category": "BLOC4",
      "timestamp_ns": 1772232878937726576,
      "metadata": {}
    },
    {
      "name": "B5_WAL_ROTATION_COUNT",
      "value": 0,
      "unit": "rotations",
      "category": "BLOC5",
      "timestamp_ns": 1772232878953235276,
      "metadata": {}
    },
    {
      "name": "B5_COMPRESSION_RATIO",
      "value": 358.56573705179284,
      "unit": "x",
      "category": "BLOC5",
      "timestamp_ns": 1772232878956950831,
      "metadata": {}
    },
    {
      "name": "B5_SAMPLING_1K_RATE",
      "value": 0.5,
      "unit": "ratio",
      "category": "BLOC5",
      "timestamp_ns": 1772232879210011622,
      "metadata": {}
    },
    {
      "name": "B6_SPEC_COMPLETE",
      "value": 1,
      "unit": "bool",
      "category": "BLOC6",
      "timestamp_ns": 1772232879211001654,
      "metadata": {}
    },
    {
      "name": "B6_TERM_STABILITY",
      "value": 100.0,
      "unit": "%",
      "category": "BLOC6",
      "timestamp_ns": 1772232879211218089,
      "metadata": {}
    },
    {
      "name": "B6_IMPLEMENT_SCORE",
      "value": 80.0,
      "unit": "%",
      "category": "BLOC6",
      "timestamp_ns": 1772232879211454758,
      "metadata": {}
    },
    {
      "name": "B6_AUDIT_READY",
      "value": 1,
      "unit": "bool",
      "category": "BLOC6",
      "timestamp_ns": 1772232879211655760,
      "metadata": {}
    }
  ]
}