{
  "generated_at_ns": 1770855218961091588,
  "roadmap": [
    {
      "name": "discovery",
      "description": "Validation des dossiers/format de competition",
      "progress_percent": 100.0,
      "done": true
    },
    {
      "name": "load",
      "description": "Chargement volume TIFF + normalisation",
      "progress_percent": 100.0,
      "done": true
    },
    {
      "name": "features",
      "description": "Extraction NX-47 / Neurones atom / NX-47 fusion",
      "progress_percent": 100.0,
      "done": true
    },
    {
      "name": "segment",
      "description": "Segmentation dynamique slice par slice",
      "progress_percent": 100.0,
      "done": true
    },
    {
      "name": "overlay",
      "description": "Generation overlay pixel/motifs + reconstruction",
      "progress_percent": 100.0,
      "done": true
    },
    {
      "name": "package",
      "description": "Generation submission.zip format exact Kaggle",
      "progress_percent": 100.0,
      "done": true
    }
  ],
  "overall_progress_percent": 100.0
}