131995875883887,PHYSICS,INIT_MASS,3b9aca00
131995876426460,PHYSICS,INIT_SPIN,3b7c4580
131995876876867,PHYSICS,HORIZON_P,3f5f5b62
131995877352457,TEST_METADATA,NEAR_HORIZON_INJECTION,3e6
131995877863414,GEO_STEP,COORD_R,4003fef9db22d0e5
131995878363209,GEO_STEP,COORD_TH,3ff91eb851eb851f
131995878998572,GEO_STEP,VEL_R,bfb9ce0cbe3cfb6c
131995879538658,GEO_STEP,COORD_R,4003fdf19d2fafbc
131995880136364,GEO_STEP,COORD_TH,3ff91eb851eb851f
131995880745325,GEO_STEP,VEL_R,bfba02854d8434be
131995881311848,GEO_STEP,COORD_R,4003fce745ef2553
131995881954145,GEO_STEP,COORD_TH,3ff91eb851eb851f
131995882616495,GEO_STEP,VEL_R,bfba3703534c3cee
131995883221533,GEO_STEP,COORD_R,4003fbdad52940ff
131995883841866,GEO_STEP,COORD_TH,3ff91eb851eb851f
131995884311623,GEO_STEP,VEL_R,bfba6b86db788857
131995884762408,GEO_STEP,COORD_R,4003facc4aa59856
131995885289394,GEO_STEP,COORD_TH,3ff91eb851eb851f
131995885741816,GEO_STEP,VEL_R,bfbaa00ff1f3182d
131995886195444,GEO_STEP,COORD_R,4003f9bba62b46ef
131995886636369,GEO_STEP,COORD_TH,3ff91eb851eb851f
131995887267301,GEO_STEP,VEL_R,bfbad49ea2ac8a6a
131995887900434,GEO_STEP,COORD_R,4003f8a8e780ee1d
131995888472711,GEO_STEP,COORD_TH,3ff91eb851eb851f
131995888980885,GEO_STEP,VEL_R,bfbb0932f99c29d7
131995889547863,GEO_STEP,COORD_R,4003f7940e6cb4ab
131995890224674,GEO_STEP,COORD_TH,3ff91eb851eb851f
131995890671302,GEO_STEP,VEL_R,bfbb3dcd02bffe1f
131995891187620,GEO_STEP,COORD_R,4003f67d1ab44697
131995891727889,GEO_STEP,COORD_TH,3ff91eb851eb851f
131995892298292,GEO_STEP,VEL_R,bfbb726cca1cdbfc
131995892939385,GEO_STEP,COORD_R,4003f5640c1cd4cc
131995893566155,GEO_STEP,COORD_TH,3ff91eb851eb851f
131995894219370,GEO_STEP,VEL_R,bfbba7125bbe7576
131995894790403,GEO_STEP,COORD_R,4003f448e26b14dc
131995895444870,GEO_STEP,COORD_TH,3ff91eb851eb851f
131995896240568,GEO_STEP,VEL_R,bfbbdbbdc3b76a38
131995896889104,GEO_STEP,COORD_R,4003f32b9d6340b9
131995897587528,GEO_STEP,COORD_TH,3ff91eb851eb851f
131995898318041,GEO_STEP,VEL_R,bfbc106f0e2157f7
131995898966062,GEO_STEP,COORD_R,4003f20c3cc9166e
131995899479115,GEO_STEP,COORD_TH,3ff91eb851eb851f
131995900186782,GEO_STEP,VEL_R,bfbc4526471ceaf0
131995900705483,GEO_STEP,COORD_R,4003f0eac05fd7d5
131995901368879,GEO_STEP,COORD_TH,3ff91eb851eb851f
131995901930383,GEO_STEP,VEL_R,bfbc79e37ad1ee7a
131995902544437,GEO_STEP,COORD_R,4003efc727ea4a51
131995903047373,GEO_STEP,COORD_TH,3ff91eb851eb851f
131995903623481,GEO_STEP,VEL_R,bfbcaea6b56f5dad
131995904170925,GEO_STEP,COORD_R,4003eea1732ab680
131995904705902,GEO_STEP,COORD_TH,3ff91eb851eb851f
131995905280121,GEO_STEP,VEL_R,bfbce370032b7420
131995905798029,GEO_STEP,COORD_R,4003ed79a1e2e7f6
131995906409815,GEO_STEP,COORD_TH,3ff91eb851eb851f
131995906979988,GEO_STEP,VEL_R,bfbd183f7043beba
131995907549085,GEO_STEP,COORD_R,4003ec4fb3d42cee
131995908075963,GEO_STEP,COORD_TH,3ff91eb851eb851f
131995908696165,GEO_STEP,VEL_R,bfbd4d1508fd2c9d
131995909314927,GEO_STEP,COORD_R,4003eb23a8bf5601
131995909824349,GEO_STEP,COORD_TH,3ff91eb851eb851f
131995910375897,GEO_STEP,VEL_R,bfbd81f0d9a42024
131995910883667,GEO_STEP,COORD_R,4003e9f58064b5d7
131995911466896,GEO_STEP,COORD_TH,3ff91eb851eb851f
131995912018017,GEO_STEP,VEL_R,bfbdb6d2ee8c7ff8
131995912474454,GEO_STEP,COORD_R,4003e8c53a8420dc
131995912944026,GEO_STEP,COORD_TH,3ff91eb851eb851f
131995913637845,GEO_STEP,VEL_R,bfbdebbb5411c83b
131995914365831,GEO_STEP,COORD_R,4003e792d6dcecf3
131995914879295,GEO_STEP,COORD_TH,3ff91eb851eb851f
131995915418700,GEO_STEP,VEL_R,bfbe20aa16971bcc
131995915945337,GEO_STEP,COORD_R,4003e65e552df125
131995916455669,GEO_STEP,COORD_TH,3ff91eb851eb851f
131995917266276,GEO_STEP,VEL_R,bfbe559f428755a0
131995917699037,GEO_STEP,COORD_R,4003e527b5358555
131995918211959,GEO_STEP,COORD_TH,3ff91eb851eb851f
131995918663269,GEO_STEP,VEL_R,bfbe8a9ae4551a36
131995919165393,GEO_STEP,COORD_R,4003e3eef6b181ee
131995919670733,GEO_STEP,COORD_TH,3ff91eb851eb851f
131995920247832,GEO_STEP,VEL_R,bfbebf9d087ae91d
131995920710611,GEO_STEP,COORD_R,4003e2b4195f3f93
131995921170769,GEO_STEP,COORD_TH,3ff91eb851eb851f
131995921662264,GEO_STEP,VEL_R,bfbef4a5bb7b2e94
131995922171108,GEO_STEP,COORD_R,4003e1771cfb96cf
131995922649606,GEO_STEP,COORD_TH,3ff91eb851eb851f
131995923158807,GEO_STEP,VEL_R,bfbf29b509e05548
131995923619584,GEO_STEP,COORD_R,4003e0380142dfc1
131995924106845,GEO_STEP,COORD_TH,3ff91eb851eb851f
131995924563183,GEO_STEP,VEL_R,bfbf5ecb003cd81f
131995925084867,GEO_STEP,COORD_R,4003def6c5f0f1cd
131995925550259,GEO_STEP,COORD_TH,3ff91eb851eb851f
131995926086270,GEO_STEP,VEL_R,bfbf93e7ab2b5425
131995926505237,GEO_STEP,COORD_R,4003ddb36ac12345
131995926927447,GEO_STEP,COORD_TH,3ff91eb851eb851f
131995927470777,GEO_STEP,VEL_R,bfbfc90b174e9a91
131995927990764,GEO_STEP,COORD_R,4003dc6def6e4916
131995928522559,GEO_STEP,COORD_TH,3ff91eb851eb851f
131995928977917,GEO_STEP,VEL_R,bfbffe355151c2dc
131995929514649,GEO_STEP,COORD_R,4003db2653b2b675
131995929982119,GEO_STEP,COORD_TH,3ff91eb851eb851f
131995930534547,GEO_STEP,VEL_R,bfc019b332f41e7c
131995930996711,GEO_STEP,COORD_R,4003d9dc97483c87
131995931524474,GEO_STEP,COORD_TH,3ff91eb851eb851f
131995931962820,GEO_STEP,VEL_R,bfc0344f30e6f1d2
131995932439459,GEO_STEP,COORD_R,4003d890b9e82a0d
131995932939686,GEO_STEP,COORD_TH,3ff91eb851eb851f
131995933451010,GEO_STEP,VEL_R,bfc04eeea8e38766
131995933913135,GEO_STEP,COORD_R,4003d742bb4b4b0c
131995934522394,GEO_STEP,COORD_TH,3ff91eb851eb851f
131995935149979,GEO_STEP,VEL_R,bfc06991a1505309
131995935632865,GEO_STEP,COORD_R,4003d5f29b29e876
131995936188648,GEO_STEP,COORD_TH,3ff91eb851eb851f
131995936688870,GEO_STEP,VEL_R,bfc08438209819b5
131995937248899,GEO_STEP,COORD_R,4003d4a0593bc7d0
131995937745378,GEO_STEP,COORD_TH,3ff91eb851eb851f
131995938262098,GEO_STEP,VEL_R,bfc09ee22d29faea
131995938771259,GEO_STEP,COORD_R,4003d34bf5382adb
131995939356599,GEO_STEP,COORD_TH,3ff91eb851eb851f
131995939853721,GEO_STEP,VEL_R,bfc0b98fcd797a15
131995940404493,GEO_STEP,COORD_R,4003d1f56ed5cf38
131995940866942,GEO_STEP,COORD_TH,3ff91eb851eb851f
131995941445993,GEO_STEP,VEL_R,bfc0d44107fe8809
131995941947694,GEO_STEP,COORD_R,4003d09cc5caee0e
131995942416370,GEO_STEP,COORD_TH,3ff91eb851eb851f
131995942892788,GEO_STEP,VEL_R,bfc0eef5e3358c86
131995943432917,GEO_STEP,COORD_R,4003cf41f9cd3bb1
131995943965130,GEO_STEP,COORD_TH,3ff91eb851eb851f
131995944479414,GEO_STEP,VEL_R,bfc109ae659f6fc7
131995945091039,GEO_STEP,COORD_R,4003cde50a91e742
131995945668244,GEO_STEP,COORD_TH,3ff91eb851eb851f
131995946346938,GEO_STEP,VEL_R,bfc1246a95c1a428
131995946956975,GEO_STEP,COORD_R,4003cc85f7cd9a54
131995947546225,GEO_STEP,COORD_TH,3ff91eb851eb851f
131995948181033,GEO_STEP,VEL_R,bfc13f2a7a262fd2
131995948760458,GEO_STEP,COORD_R,4003cb24c134788e
131995949325797,GEO_STEP,COORD_TH,3ff91eb851eb851f
131995949828731,GEO_STEP,VEL_R,bfc159ee195bb679
131995950395888,GEO_STEP,COORD_R,4003c9c1667a1f4c
131995950965865,GEO_STEP,COORD_TH,3ff91eb851eb851f
131995951625846,GEO_STEP,VEL_R,bfc174b579f58329
131995952339251,GEO_STEP,COORD_R,4003c85be751a542
131995952946879,GEO_STEP,COORD_TH,3ff91eb851eb851f
131995953692880,GEO_STEP,VEL_R,bfc18f80a28b9220
131995954225982,GEO_STEP,COORD_R,4003c6f4436d9a18
131995954768378,GEO_STEP,COORD_TH,3ff91eb851eb851f
131995955342131,GEO_STEP,VEL_R,bfc1aa4f99ba9ab7
131995955821703,GEO_STEP,COORD_R,4003c58a7a80060c
131995956321618,GEO_STEP,COORD_TH,3ff91eb851eb851f
131995956788831,GEO_STEP,VEL_R,bfc1c5226624195c
131995957356960,GEO_STEP,COORD_R,4003c41e8c3a698f
131995957843197,GEO_STEP,COORD_TH,3ff91eb851eb851f
131995958434814,GEO_STEP,VEL_R,bfc1dff90e6e5997
131995959039988,GEO_STEP,COORD_R,4003c2b0784dbce4
131995959646632,GEO_STEP,COORD_TH,3ff91eb851eb851f
131995960268676,GEO_STEP,VEL_R,bfc1fad399448022
131995960865751,GEO_STEP,COORD_R,4003c1403e6a6fbb
131995961462955,GEO_STEP,COORD_TH,3ff91eb851eb851f
131995962082616,GEO_STEP,VEL_R,bfc215b20d56950f
131995962492355,GEO_STEP,COORD_R,4003bfcdde4068ce
131995962906769,GEO_STEP,COORD_TH,3ff91eb851eb851f
131995963619411,GEO_STEP,VEL_R,bfc2309471598dff
131995964640686,GEO_STEP,COORD_R,4003be59577f057b
131995965435869,GEO_STEP,COORD_TH,3ff91eb851eb851f
131995966215805,GEO_STEP,VEL_R,bfc24b7acc075863
131995966765239,GEO_STEP,COORD_R,4003bce2a9d5195f
131995967458655,GEO_STEP,COORD_TH,3ff91eb851eb851f
131995967909235,GEO_STEP,VEL_R,bfc26665241ee3d7
131995968437037,GEO_STEP,COORD_R,4003bb69d4f0edf1
131995969066278,GEO_STEP,COORD_TH,3ff91eb851eb851f
131995969507825,GEO_STEP,VEL_R,bfc2815380642c82
131995969893099,GEO_STEP,COORD_R,4003b9eed8804216
131995970349462,GEO_STEP,COORD_TH,3ff91eb851eb851f
131995970817599,GEO_STEP,VEL_R,bfc29c45e7a0458e
131995971273964,GEO_STEP,COORD_R,4003b871b43049bf
131995971972670,GEO_STEP,COORD_TH,3ff91eb851eb851f
131995972553056,GEO_STEP,VEL_R,bfc2b73c60a163ad
131995973058376,GEO_STEP,COORD_R,4003b6f267adad7a
131995973595683,GEO_STEP,COORD_TH,3ff91eb851eb851f
131995974188501,GEO_STEP,VEL_R,bfc2d236f23ae7b0
131995974702616,GEO_STEP,COORD_R,4003b570f2a48a0b
131995975257610,GEO_STEP,COORD_TH,3ff91eb851eb851f
131995975838744,GEO_STEP,VEL_R,bfc2ed35a345692d
131995976386117,GEO_STEP,COORD_R,4003b3ed54c07003
131995976878486,GEO_STEP,COORD_TH,3ff91eb851eb851f
131995977406424,GEO_STEP,VEL_R,bfc308387a9ec137
131995977853492,GEO_STEP,COORD_R,4003b2678dac6350
131995978439579,GEO_STEP,COORD_TH,3ff91eb851eb851f
131995978906078,GEO_STEP,VEL_R,bfc3233f7f2a1526
131995979344940,GEO_STEP,COORD_R,4003b0df9d12dad3
131995979737922,GEO_STEP,COORD_TH,3ff91eb851eb851f
131995980187425,GEO_STEP,VEL_R,bfc33e4ab7cfe172
131995980589715,GEO_STEP,COORD_R,4003af55829dbff4
131995981015060,GEO_STEP,COORD_TH,3ff91eb851eb851f
131995981456948,GEO_STEP,VEL_R,bfc3595a2b7e049e
131995981862525,GEO_STEP,COORD_R,4003adc93df66e31
131995982325671,GEO_STEP,COORD_TH,3ff91eb851eb851f
131995982729642,GEO_STEP,VEL_R,bfc3746de127ca34
131995983154908,GEO_STEP,COORD_R,4003ac3acec5b2b0
131995983553195,GEO_STEP,COORD_TH,3ff91eb851eb851f
131995983995541,GEO_STEP,VEL_R,bfc38f85dfc5f5d4
131995984416053,GEO_STEP,COORD_R,4003aaaa34b3cbd0
131995984814411,GEO_STEP,COORD_TH,3ff91eb851eb851f
131995985315566,GEO_STEP,VEL_R,bfc3aaa22e56ce54
131995985855300,GEO_STEP,COORD_R,4003a9176f6868b5
131995986357478,GEO_STEP,COORD_TH,3ff91eb851eb851f
131995986900974,GEO_STEP,VEL_R,bfc3c5c2d3de28f3
131995987503305,GEO_STEP,COORD_R,4003a7827e8aa8db
131995988062323,GEO_STEP,COORD_TH,3ff91eb851eb851f
131995988524220,GEO_STEP,VEL_R,bfc3e0e7d765749e
131995988978869,GEO_STEP,COORD_R,4003a5eb61c11b9e
131995989452957,GEO_STEP,COORD_TH,3ff91eb851eb851f
131995989893810,GEO_STEP,VEL_R,bfc3fc113ffbc545
131995990383812,GEO_STEP,COORD_R,4003a45218b1bfcc
131995990855894,GEO_STEP,COORD_TH,3ff91eb851eb851f
131995991329561,GEO_STEP,VEL_R,bfc4173f14b5df46
131995991787891,GEO_STEP,COORD_R,4003a2b6a302032b
131995992254848,GEO_STEP,COORD_TH,3ff91eb851eb851f
131995992687423,GEO_STEP,VEL_R,bfc432715cae42ea
131995993193435,GEO_STEP,COORD_R,4003a1190056c207
131995993674212,GEO_STEP,COORD_TH,3ff91eb851eb851f
131995994168825,GEO_STEP,VEL_R,bfc44da81f0537f3
131995994616135,GEO_STEP,COORD_R,40039f79305446bb
131995995103932,GEO_STEP,COORD_TH,3ff91eb851eb851f
131995995732855,GEO_STEP,VEL_R,bfc468e362e0d93f
131995996295239,GEO_STEP,COORD_R,40039dd7329e4939
131995996857669,GEO_STEP,COORD_TH,3ff91eb851eb851f
131995997473627,GEO_STEP,VEL_R,bfc484232f6d207f
131995998092673,GEO_STEP,COORD_R,40039c3306d7ee93
131995998647851,GEO_STEP,COORD_TH,3ff91eb851eb851f
131995999229308,GEO_STEP,VEL_R,bfc49f678bdbf1fe
131995999703245,GEO_STEP,COORD_R,40039a8caca3c880
131996000360145,GEO_STEP,COORD_TH,3ff91eb851eb851f
131996000842338,GEO_STEP,VEL_R,bfc4bab07f652882
131996001362868,GEO_STEP,COORD_R,400398e423a3d4e3
131996001880954,GEO_STEP,COORD_TH,3ff91eb851eb851f
131996002537290,GEO_STEP,VEL_R,bfc4d5fe1146a138
131996003199868,GEO_STEP,COORD_R,400397396b797d51
131996003860827,GEO_STEP,COORD_TH,3ff91eb851eb851f
131996004526418,GEO_STEP,VEL_R,bfc4f15048c447be
131996005157422,GEO_STEP,COORD_R,4003958c83c59693
131996005796018,GEO_STEP,COORD_TH,3ff91eb851eb851f
131996006477681,GEO_STEP,VEL_R,bfc50ca72d28223a
131996007096810,GEO_STEP,COORD_R,400393dd6c28602a
131996007716008,GEO_STEP,COORD_TH,3ff91eb851eb851f
131996008376109,GEO_STEP,VEL_R,bfc52802c5c25d88
131996008870097,GEO_STEP,COORD_R,4003922c244183d1
131996009366420,GEO_STEP,COORD_TH,3ff91eb851eb851f
131996009893816,GEO_STEP,VEL_R,bfc5436319e9597f
131996010494464,GEO_STEP,COORD_R,40039078abb014fd
131996010973042,GEO_STEP,COORD_TH,3ff91eb851eb851f
131996011526008,GEO_STEP,VEL_R,bfc55ec830f9b546
131996012078421,GEO_STEP,COORD_R,40038ec30212905f
131996012555778,GEO_STEP,COORD_TH,3ff91eb851eb851f
131996013093616,GEO_STEP,VEL_R,bfc57a3212565bc2
131996013677630,GEO_STEP,COORD_R,40038d0b2706db62
131996014337943,GEO_STEP,COORD_TH,3ff91eb851eb851f
131996014938307,GEO_STEP,VEL_R,bfc595a0c568901b
131996015554268,GEO_STEP,COORD_R,40038b511a2a43a8
131996016216924,GEO_STEP,COORD_TH,3ff91eb851eb851f
131996016781514,GEO_STEP,VEL_R,bfc5b114519ffa4f
131996017405463,GEO_STEP,COORD_R,40038994db197e8a
131996018172079,GEO_STEP,COORD_TH,3ff91eb851eb851f
131996018843730,GEO_STEP,VEL_R,bfc5cc8cbe72b3e3
131996019575364,GEO_STEP,COORD_R,400387d66970a890
131996020147186,GEO_STEP,COORD_TH,3ff91eb851eb851f
131996020627555,GEO_STEP,VEL_R,bfc5e80a135d54a7
131996021112958,GEO_STEP,COORD_R,40038615c4cb44f0
131996022149690,GEO_STEP,COORD_TH,3ff91eb851eb851f
131996022689912,GEO_STEP,VEL_R,bfc6038c57e2ff8e
131996023274426,GEO_STEP,COORD_R,40038452ecc43d05
131996023893534,GEO_STEP,COORD_TH,3ff91eb851eb851f
131996024621565,GEO_STEP,VEL_R,bfc61f13938d6fa0
131996025274695,GEO_STEP,COORD_R,4003828de0f5dfc9
131996025977195,GEO_STEP,COORD_TH,3ff91eb851eb851f
131996026772357,GEO_STEP,VEL_R,bfc63a9fcded0500
131996027557897,GEO_STEP,COORD_R,400380c6a0f9e14e
131996028138453,GEO_STEP,COORD_TH,3ff91eb851eb851f
131996028529321,GEO_STEP,VEL_R,bfc656310e98d20b
131996028917659,GEO_STEP,COORD_R,40037efd2c695a33
131996029460434,GEO_STEP,COORD_TH,3ff91eb851eb851f
131996029912170,GEO_STEP,VEL_R,bfc671c75d2ea88d
131996030403287,GEO_STEP,COORD_R,40037d3182dcc71b
131996030866405,GEO_STEP,COORD_TH,3ff91eb851eb851f
131996031299909,GEO_STEP,VEL_R,bfc68d62c153270c
131996031689935,GEO_STEP,COORD_R,40037b63a3ec0822
131996032112023,GEO_STEP,COORD_TH,3ff91eb851eb851f
131996032528465,GEO_STEP,VEL_R,bfc6a90342b1c62f
131996032929303,GEO_STEP,COORD_R,400379938f2e6050
131996033396021,GEO_STEP,COORD_TH,3ff91eb851eb851f
131996033789351,GEO_STEP,VEL_R,bfc6c4a8e8fce637
131996034395348,GEO_STEP,COORD_R,400377c1443a750a
131996034876732,GEO_STEP,COORD_TH,3ff91eb851eb851f
131996035439890,GEO_STEP,VEL_R,bfc6e053bbeddc95
131996036150807,GEO_STEP,COORD_R,400375ecc2a64d88
131996036787139,GEO_STEP,COORD_TH,3ff91eb851eb851f
131996037350701,GEO_STEP,VEL_R,bfc6fc03c3450195
131996037767304,GEO_STEP,COORD_R,400374160a075240
131996038250453,GEO_STEP,COORD_TH,3ff91eb851eb851f
131996038720147,GEO_STEP,VEL_R,bfc717b906c9be25
131996039326671,GEO_STEP,COORD_R,4003723d19f24c5a
131996039932649,GEO_STEP,COORD_TH,3ff91eb851eb851f
131996040456389,GEO_STEP,VEL_R,bfc733738e4a99b1
131996040931880,GEO_STEP,COORD_R,40037061f1fb651b
131996041510269,GEO_STEP,COORD_TH,3ff91eb851eb851f
131996041995145,GEO_STEP,VEL_R,bfc74f33619d4819
131996042527367,GEO_STEP,COORD_R,40036e8491b62553
131996043129307,GEO_STEP,COORD_TH,3ff91eb851eb851f
131996043664112,GEO_STEP,VEL_R,bfc76af8889eb7c4
131996044244351,GEO_STEP,COORD_R,40036ca4f8b574c9
131996044741539,GEO_STEP,COORD_TH,3ff91eb851eb851f
131996045331346,GEO_STEP,VEL_R,bfc786c30b331fc6
131996045932248,GEO_STEP,COORD_R,40036ac3268b99a8
131996046650547,GEO_STEP,COORD_TH,3ff91eb851eb851f
131996047254913,GEO_STEP,VEL_R,bfc7a292f1460e27
131996047845837,GEO_STEP,COORD_R,400368df1aca37e4
131996048428581,GEO_STEP,COORD_TH,3ff91eb851eb851f
131996049010897,GEO_STEP,VEL_R,bfc7be6842ca763e
131996049562029,GEO_STEP,COORD_R,400366f8d50250a7
131996050156402,GEO_STEP,COORD_TH,3ff91eb851eb851f
131996050703032,GEO_STEP,VEL_R,bfc7da4307babf2b
131996051346709,GEO_STEP,COORD_R,4003651054c441b6
131996051960909,GEO_STEP,COORD_TH,3ff91eb851eb851f
131996052459305,GEO_STEP,VEL_R,bfc7f6234818d267
131996052964401,GEO_STEP,COORD_R,40036325999fc4d8
131996053503401,GEO_STEP,COORD_TH,3ff91eb851eb851f
131996054062743,GEO_STEP,VEL_R,bfc812090bee2a73
131996054569746,GEO_STEP,COORD_R,40036138a323ef3b
131996055088674,GEO_STEP,COORD_TH,3ff91eb851eb851f
131996055529942,GEO_STEP,VEL_R,bfc82df45b4be1a1
131996056129058,GEO_STEP,COORD_R,40035f4970df30d7
131996056730255,GEO_STEP,COORD_TH,3ff91eb851eb851f
131996057278508,GEO_STEP,VEL_R,bfc849e53e4ac0f5
131996057735906,GEO_STEP,COORD_R,40035d58025f53d2
131996058215909,GEO_STEP,COORD_TH,3ff91eb851eb851f
131996058701473,GEO_STEP,VEL_R,bfc865dbbd0b4f29
131996059169815,GEO_STEP,COORD_R,40035b6457317be0
131996059713161,GEO_STEP,COORD_TH,3ff91eb851eb851f
131996060389645,GEO_STEP,VEL_R,bfc881d7dfb5dfc6
131996060964543,GEO_STEP,COORD_R,4003596e6ee225a5
131996061525499,GEO_STEP,COORD_TH,3ff91eb851eb851f
131996062149508,GEO_STEP,VEL_R,bfc89dd9ae7aa25b
131996062673883,GEO_STEP,COORD_R,4003577648fd2613
131996063157282,GEO_STEP,COORD_TH,3ff91eb851eb851f
131996063614016,GEO_STEP,VEL_R,bfc8b9e13191b1d2
131996064158145,GEO_STEP,COORD_R,4003557be50da9c7
131996064794849,GEO_STEP,COORD_TH,3ff91eb851eb851f
131996065442994,GEO_STEP,VEL_R,bfc8d5ee713b23e3
131996066097853,GEO_STEP,COORD_R,4003537f429e3468
131996066630993,GEO_STEP,COORD_TH,3ff91eb851eb851f
131996067207251,GEO_STEP,VEL_R,bfc8f20175bf18a1
131996067721861,GEO_STEP,COORD_R,400351806138a000
131996068276936,GEO_STEP,COORD_TH,3ff91eb851eb851f
131996068749997,GEO_STEP,VEL_R,bfc90e1a476dca25
131996069259906,GEO_STEP,COORD_R,40034f7f40661c56
131996069751207,GEO_STEP,COORD_TH,3ff91eb851eb851f
131996070375493,GEO_STEP,VEL_R,bfc92a38ee9f9c57
131996070956527,GEO_STEP,COORD_R,40034d7bdfaf2e49
131996071547950,GEO_STEP,COORD_TH,3ff91eb851eb851f
131996072203103,GEO_STEP,VEL_R,bfc9465d73b52cd9
131996072996971,GEO_STEP,COORD_R,40034b763e9baf27
131996073536144,GEO_STEP,COORD_TH,3ff91eb851eb851f
131996074072577,GEO_STEP,VEL_R,bfc96287df176308
131996074477557,GEO_STEP,COORD_R,4003496e5cb2cc00
131996074956538,GEO_STEP,COORD_TH,3ff91eb851eb851f
131996075503818,GEO_STEP,VEL_R,bfc97eb839378024
131996076124552,GEO_STEP,COORD_R,40034764397b0500
131996076621629,GEO_STEP,COORD_TH,3ff91eb851eb851f
131996077193039,GEO_STEP,VEL_R,bfc99aee8a8f2f91
131996077687517,GEO_STEP,COORD_R,40034557d47a2cbf
131996078199849,GEO_STEP,COORD_TH,3ff91eb851eb851f
131996078677815,GEO_STEP,VEL_R,bfc9b72adba0973b
131996079223528,GEO_STEP,COORD_R,400343492d356794
131996079716385,GEO_STEP,COORD_TH,3ff91eb851eb851f
131996080259628,GEO_STEP,VEL_R,bfc9d36d34f66817
131996080843808,GEO_STEP,COORD_R,4003413843312ae8
131996081457489,GEO_STEP,COORD_TH,3ff91eb851eb851f
131996082060462,GEO_STEP,VEL_R,bfc9efb59f23eec6
131996082561578,GEO_STEP,COORD_R,40033f2515f13c83
131996083093056,GEO_STEP,COORD_TH,3ff91eb851eb851f
131996083590827,GEO_STEP,VEL_R,bfca0c0422c52457
131996084286769,GEO_STEP,COORD_R,40033d0fa4f8b1dc
131996084896619,GEO_STEP,COORD_TH,3ff91eb851eb851f
131996085839498,GEO_STEP,VEL_R,bfca2858c87ebf28
131996086723031,GEO_STEP,COORD_R,40033af7efc9ef66
131996087420540,GEO_STEP,COORD_TH,3ff91eb851eb851f
131996088082202,GEO_STEP,VEL_R,bfca44b398fe43ed
131996088584605,GEO_STEP,COORD_R,400338ddf5e6a7db
131996089099955,GEO_STEP,COORD_TH,3ff91eb851eb851f
131996089582933,GEO_STEP,VEL_R,bfca61149cfa16d2
131996090101365,GEO_STEP,COORD_R,400336c1b6cfdb87
131996090567241,GEO_STEP,COORD_TH,3ff91eb851eb851f
131996091062990,GEO_STEP,VEL_R,bfca7d7bdd318cc3
131996091619871,GEO_STEP,COORD_R,400334a33205d790
131996092280187,GEO_STEP,COORD_TH,3ff91eb851eb851f
131996092949478,GEO_STEP,VEL_R,bfca99e9626cfcd2
131996093512618,GEO_STEP,COORD_R,400332826708353e
131996094066092,GEO_STEP,COORD_TH,3ff91eb851eb851f
131996094562955,GEO_STEP,VEL_R,bfcab65d357dd1c4
131996095285110,GEO_STEP,COORD_R,4003305f5555d942
131996095954936,GEO_STEP,COORD_TH,3ff91eb851eb851f
131996097138375,GEO_STEP,VEL_R,bfcad2d75f3e9bbd
131996097830071,GEO_STEP,COORD_R,40032e39fc6cf2f8
131996098627736,GEO_STEP,COORD_TH,3ff91eb851eb851f
131996099256805,GEO_STEP,VEL_R,bfcaef57e8932210
131996099807633,GEO_STEP,COORD_R,40032c125bcafbae
131996100524455,GEO_STEP,COORD_TH,3ff91eb851eb851f
131996101230379,GEO_STEP,VEL_R,bfcb0bdeda687533
131996101581711,GEO_STEP,COORD_R,400329e872ecb5e2
131996102038670,GEO_STEP,COORD_TH,3ff91eb851eb851f
131996102473372,GEO_STEP,VEL_R,bfcb286c3db500d4
131996102822244,GEO_STEP,COORD_R,400327bc414e2c86
131996103230202,GEO_STEP,COORD_TH,3ff91eb851eb851f
131996103592825,GEO_STEP,VEL_R,bfcb45001b789e17
131996103902900,GEO_STEP,COORD_R,4003258dc66ab23c
131996104247640,GEO_STEP,COORD_TH,3ff91eb851eb851f
131996104629782,GEO_STEP,VEL_R,bfcb619a7cbca5f2
131996105028926,GEO_STEP,COORD_R,4003235d01bce095
131996105410685,GEO_STEP,COORD_TH,3ff91eb851eb851f
131996105801441,GEO_STEP,VEL_R,bfcb7e3b6a9403b5
131996106206855,GEO_STEP,COORD_R,40032129f2be974d
131996106612522,GEO_STEP,COORD_TH,3ff91eb851eb851f
131996107036616,GEO_STEP,VEL_R,bfcb9ae2ee1b47af
131996107403572,GEO_STEP,COORD_R,40031ef498e8fb85
131996107761193,GEO_STEP,COORD_TH,3ff91eb851eb851f
131996108111082,GEO_STEP,VEL_R,bfcbb7911078ba02
131996108455971,GEO_STEP,COORD_R,40031cbcf3b476fb
131996108782197,GEO_STEP,COORD_TH,3ff91eb851eb851f
131996109109232,GEO_STEP,VEL_R,bfcbd445dadc6d92
131996109382274,GEO_STEP,COORD_R,40031a830298b744
131996109614863,GEO_STEP,COORD_TH,3ff91eb851eb851f
131996109836978,GEO_STEP,VEL_R,bfcbf10156805326
131996110042052,GEO_STEP,COORD_R,40031846c50cad00
131996110298854,GEO_STEP,COORD_TH,3ff91eb851eb851f
131996110475924,GEO_STEP,VEL_R,bfcc0dc38ca84ca4
131996110654729,GEO_STEP,COORD_R,400316083a868b0e
131996110847669,GEO_STEP,COORD_TH,3ff91eb851eb851f
131996111063933,GEO_STEP,VEL_R,bfcc2a8c86a24080
131996111653938,GEO_STEP,COORD_R,400313c7627bc5c1
131996112199919,GEO_STEP,COORD_TH,3ff91eb851eb851f
131996112674821,GEO_STEP,VEL_R,bfcc475c4dc62d47
131996113236134,GEO_STEP,COORD_R,400311843c61120f
131996113474796,GEO_STEP,COORD_TH,3ff91eb851eb851f
131996113667044,GEO_STEP,VEL_R,bfcc6432eb763d5c
131996113886958,GEO_STEP,COORD_R,40030f3ec7aa64c2
131996114204938,GEO_STEP,COORD_TH,3ff91eb851eb851f
131996114494725,GEO_STEP,VEL_R,bfcc8110691edad4
131996114794230,GEO_STEP,COORD_R,40030cf703caf1a6
131996115099419,GEO_STEP,COORD_TH,3ff91eb851eb851f
131996115423482,GEO_STEP,VEL_R,bfcc9df4d036c385
131996115746818,GEO_STEP,COORD_R,40030aacf0352ab5
131996116115950,GEO_STEP,COORD_TH,3ff91eb851eb851f
131996116398933,GEO_STEP,VEL_R,bfccbae02a3f1d34
131996116685781,GEO_STEP,COORD_R,400308608c5abf42
131996116979366,GEO_STEP,COORD_TH,3ff91eb851eb851f
131996117290011,GEO_STEP,VEL_R,bfccd7d280c389f3
131996117586029,GEO_STEP,COORD_R,40030611d7ac9b22
131996117903463,GEO_STEP,COORD_TH,3ff91eb851eb851f
131996118218294,GEO_STEP,VEL_R,bfccf4cbdd5a3caa
131996118509472,GEO_STEP,COORD_R,400303c0d19ae5d5
131996118798596,GEO_STEP,COORD_TH,3ff91eb851eb851f
131996119083998,GEO_STEP,VEL_R,bfcd11cc49a40dc4
131996119391028,GEO_STEP,COORD_R,4003016d799501ab
131996119685952,GEO_STEP,COORD_TH,3ff91eb851eb851f
131996119966031,GEO_STEP,VEL_R,bfcd2ed3cf4c900d
131996120260672,GEO_STEP,COORD_R,4002ff17cf098ae7
131996120544193,GEO_STEP,COORD_TH,3ff91eb851eb851f
131996120824743,GEO_STEP,VEL_R,bfcd4be2780a25b9
131996121102884,GEO_STEP,COORD_R,4002fcbfd16656e4
131996121370889,GEO_STEP,COORD_TH,3ff91eb851eb851f
131996121648656,GEO_STEP,VEL_R,bfcd68f84d9e1597
131996121941599,GEO_STEP,COORD_R,4002fa6580187334
131996122231957,GEO_STEP,COORD_TH,3ff91eb851eb851f
131996122500215,GEO_STEP,VEL_R,bfcd861559d4a070
131996122771592,GEO_STEP,COORD_R,4002f808da8c24c1
131996123048039,GEO_STEP,COORD_TH,3ff91eb851eb851f
131996123318293,GEO_STEP,VEL_R,bfcda339a6851695
131996123600410,GEO_STEP,COORD_R,4002f5a9e02ce6e8
131996123868380,GEO_STEP,COORD_TH,3ff91eb851eb851f
131996124144856,GEO_STEP,VEL_R,bfcdc0653d91ed96
131996124438971,GEO_STEP,COORD_R,4002f34890656a98
131996124711751,GEO_STEP,COORD_TH,3ff91eb851eb851f
131996124977356,GEO_STEP,VEL_R,bfcddd9828e8d62c
131996125255266,GEO_STEP,COORD_R,4002f0e4ea9f9568
131996125519632,GEO_STEP,COORD_TH,3ff91eb851eb851f
131996125783822,GEO_STEP,VEL_R,bfcdfad27282d24b
131996126054893,GEO_STEP,COORD_R,4002ee7eee4480b3
131996126318396,GEO_STEP,COORD_TH,3ff91eb851eb851f
131996126577814,GEO_STEP,VEL_R,bfce181424644b6a
131996126841849,GEO_STEP,COORD_R,4002ec169abc78ad
131996127116163,GEO_STEP,COORD_TH,3ff91eb851eb851f
131996127401004,GEO_STEP,VEL_R,bfce355d489d28f4
131996127719203,GEO_STEP,COORD_R,4002e9abef6efb77
131996128111708,GEO_STEP,COORD_TH,3ff91eb851eb851f
131996128470340,GEO_STEP,VEL_R,bfce52ade948e6eb
131996128809145,GEO_STEP,COORD_R,4002e73eebc2b831
131996129221312,GEO_STEP,COORD_TH,3ff91eb851eb851f
131996129499095,GEO_STEP,VEL_R,bfce7006108eacbd
131996129786859,GEO_STEP,COORD_R,4002e4cf8f1d8e0f
131996130078448,GEO_STEP,COORD_TH,3ff91eb851eb851f
131996130359409,GEO_STEP,VEL_R,bfce8d65c8a16446
131996130629332,GEO_STEP,COORD_R,4002e25dd8e48b63
131996130901340,GEO_STEP,COORD_TH,3ff91eb851eb851f
131996131238095,GEO_STEP,VEL_R,bfceaacd1bbfd106
131996131537476,GEO_STEP,COORD_R,4002dfe9c87becae
131996131838111,GEO_STEP,COORD_TH,3ff91eb851eb851f
131996132132551,GEO_STEP,VEL_R,bfcec83c1434a789
131996132501033,GEO_STEP,COORD_R,4002dd735d471bab
131996132795716,GEO_STEP,COORD_TH,3ff91eb851eb851f
131996133101591,GEO_STEP,VEL_R,bfcee5b2bc56a4ff
131996133391528,GEO_STEP,COORD_R,4002dafa96a8ae56
131996133674952,GEO_STEP,COORD_TH,3ff91eb851eb851f
131996133942703,GEO_STEP,VEL_R,bfcf03311e88a708
131996134218365,GEO_STEP,COORD_R,4002d87f740265f7
131996134473876,GEO_STEP,COORD_TH,3ff91eb851eb851f
131996134768806,GEO_STEP,VEL_R,bfcf20b74539c3b5
131996135052537,GEO_STEP,COORD_R,4002d601f4b52e25
131996135307250,GEO_STEP,COORD_TH,3ff91eb851eb851f
131996135607604,GEO_STEP,VEL_R,bfcf3e453ae561bb
131996135869777,GEO_STEP,COORD_R,4002d38218211bcb
131996136118215,GEO_STEP,COORD_TH,3ff91eb851eb851f
131996136411019,GEO_STEP,VEL_R,bfcf5bdb0a1350d9
131996136698229,GEO_STEP,COORD_R,4002d0ffdda56c2b
131996136965927,GEO_STEP,COORD_TH,3ff91eb851eb851f
131996137275311,GEO_STEP,VEL_R,bfcf7978bd57e278
131996137616208,GEO_STEP,COORD_R,4002ce7b44a083db
131996138287668,GEO_STEP,COORD_TH,3ff91eb851eb851f
131996138584479,GEO_STEP,VEL_R,bfcf971e5f54027a
131996138938801,GEO_STEP,COORD_R,4002cbf44c6fedc6
131996139554363,GEO_STEP,COORD_TH,3ff91eb851eb851f
131996140148366,GEO_STEP,VEL_R,bfcfb4cbfab55048
131996140579158,GEO_STEP,COORD_R,4002c96af4705a26
131996140892617,GEO_STEP,COORD_TH,3ff91eb851eb851f
131996141263881,GEO_STEP,VEL_R,bfcfd2819a36380c
131996141557722,GEO_STEP,COORD_R,4002c6df3bfd9d7e
131996141819968,GEO_STEP,COORD_TH,3ff91eb851eb851f
131996142127904,GEO_STEP,VEL_R,bfcff03f489e0c2b
131996142411367,GEO_STEP,COORD_R,4002c4512272af92
131996142624570,GEO_STEP,COORD_TH,3ff91eb851eb851f
131996142810157,GEO_STEP,VEL_R,bfd0070288608f7a
131996143063364,GEO_STEP,COORD_R,4002c1c0a729aa5c
131996143931539,GEO_STEP,COORD_TH,3ff91eb851eb851f
131996144721841,GEO_STEP,VEL_R,bfd015e97ec06e43
131996145529464,GEO_STEP,COORD_R,4002bf2dc97bc903
131996146189152,GEO_STEP,COORD_TH,3ff91eb851eb851f
131996146897981,GEO_STEP,VEL_R,bfd024d48ce5f279
131996147503192,GEO_STEP,COORD_R,4002bc9888c166c8
131996147974403,GEO_STEP,COORD_TH,3ff91eb851eb851f
131996148430699,GEO_STEP,VEL_R,bfd033c3b84f134c
131996148880309,GEO_STEP,COORD_R,4002ba00e451fdf8
131996149461784,GEO_STEP,COORD_TH,3ff91eb851eb851f
131996150106554,GEO_STEP,VEL_R,bfd042b706807c5a
131996150648836,GEO_STEP,COORD_R,4002b766db8426da
131996151286233,GEO_STEP,COORD_TH,3ff91eb851eb851f
131996151880891,GEO_STEP,VEL_R,bfd051ae7d059b1c
131996152577292,GEO_STEP,COORD_R,4002b4ca6dad9698
131996153122384,GEO_STEP,COORD_TH,3ff91eb851eb851f
131996153595228,GEO_STEP,VEL_R,bfd060aa2170ac68
131996154083745,GEO_STEP,COORD_R,4002b22b9a231e2a
131996154555593,GEO_STEP,COORD_TH,3ff91eb851eb851f
131996155054863,GEO_STEP,VEL_R,bfd06fa9f95aca18
131996155471711,GEO_STEP,COORD_R,4002af8a6038a93d
131996155875761,GEO_STEP,COORD_TH,3ff91eb851eb851f
131996156471446,GEO_STEP,VEL_R,bfd07eae0a63f8ca
131996157205981,GEO_STEP,COORD_R,4002ace6bf413d15
131996157698457,GEO_STEP,COORD_TH,3ff91eb851eb851f
131996158479669,GEO_STEP,VEL_R,bfd08db65a3335c4
131996158987539,GEO_STEP,COORD_R,4002aa40b68ef773
131996159545286,GEO_STEP,COORD_TH,3ff91eb851eb851f
131996160074913,GEO_STEP,VEL_R,bfd09cc2ee7684f2
131996160613573,GEO_STEP,COORD_R,4002a79845730d72
131996161169717,GEO_STEP,COORD_TH,3ff91eb851eb851f
131996161779474,GEO_STEP,VEL_R,bfd0abd3cce2ff09
131996162404744,GEO_STEP,COORD_R,4002a4ed6b3dca68
131996162871962,GEO_STEP,COORD_TH,3ff91eb851eb851f
131996163389024,GEO_STEP,VEL_R,bfd0bae8fb34dfc5
131996163964699,GEO_STEP,COORD_R,4002a240273e8ebf
131996164824811,GEO_STEP,COORD_TH,3ff91eb851eb851f
131996165290419,GEO_STEP,VEL_R,bfd0ca027f2f944a
131996165815499,GEO_STEP,COORD_R,40029f9078c3ced0
131996166394511,GEO_STEP,COORD_TH,3ff91eb851eb851f
131996166901074,GEO_STEP,VEL_R,bfd0d9205e9dc9a6
131996167563050,GEO_STEP,COORD_R,40029cde5f1b11ba
131996168188632,GEO_STEP,COORD_TH,3ff91eb851eb851f
131996168788910,GEO_STEP,VEL_R,bfd0e8429f517b71
131996169358277,GEO_STEP,COORD_R,40029a29d990f036
131996169757258,GEO_STEP,COORD_TH,3ff91eb851eb851f
131996170231774,GEO_STEP,VEL_R,bfd0f76947240291
131996170659377,GEO_STEP,COORD_R,40029772e7711369
131996171190847,GEO_STEP,COORD_TH,3ff91eb851eb851f
131996171800778,GEO_STEP,VEL_R,bfd106945bf62420
131996172372233,GEO_STEP,COORD_R,400294b9880633b5
131996172885306,GEO_STEP,COORD_TH,3ff91eb851eb851f
131996173548780,GEO_STEP,VEL_R,bfd115c3e3b02070
131996174145128,GEO_STEP,COORD_R,400291fdba9a1787
131996174672361,GEO_STEP,COORD_TH,3ff91eb851eb851f
131996175257151,GEO_STEP,VEL_R,bfd124f7e441c239
131996175900722,GEO_STEP,COORD_R,40028f3f7e759220
131996176548184,GEO_STEP,COORD_TH,3ff91eb851eb851f
131996177153963,GEO_STEP,VEL_R,bfd1343063a26de1
131996177736447,GEO_STEP,COORD_R,40028c7ed2e08260
131996178305274,GEO_STEP,COORD_TH,3ff91eb851eb851f
131996179316022,GEO_STEP,VEL_R,bfd1436d67d130ed
131996179832569,GEO_STEP,COORD_R,400289bbb721d18b
131996180338467,GEO_STEP,COORD_TH,3ff91eb851eb851f
131996180777344,GEO_STEP,VEL_R,bfd152aef6d4d195
131996181250887,GEO_STEP,COORD_R,400286f62a7f720d
131996181685605,GEO_STEP,COORD_TH,3ff91eb851eb851f
131996182199970,GEO_STEP,VEL_R,bfd161f516bbde79
131996182613160,GEO_STEP,COORD_R,4002842e2c3e5e3b
131996183065828,GEO_STEP,COORD_TH,3ff91eb851eb851f
131996183480584,GEO_STEP,VEL_R,bfd1713fcd9cbe7e
131996183920032,GEO_STEP,COORD_R,40028163bba29712
131996184416399,GEO_STEP,COORD_TH,3ff91eb851eb851f
131996184856411,GEO_STEP,VEL_R,bfd1808f2195c0cf
131996185312431,GEO_STEP,COORD_R,40027e96d7ef22f3
131996185710667,GEO_STEP,COORD_TH,3ff91eb851eb851f
131996186143680,GEO_STEP,VEL_R,bfd18fe318cd2cff
131996186584853,GEO_STEP,COORD_R,40027bc780660c5c
131996187087374,GEO_STEP,COORD_TH,3ff91eb851eb851f
131996187502922,GEO_STEP,VEL_R,bfd19f3bb9715359
131996187950166,GEO_STEP,COORD_R,400278f5b44860a1
131996188602377,GEO_STEP,COORD_TH,3ff91eb851eb851f
131996189143587,GEO_STEP,VEL_R,bfd1ae9909b89d4d
131996189655313,GEO_STEP,COORD_R,4002762172d62e9c
131996190277237,GEO_STEP,COORD_TH,3ff91eb851eb851f
131996190765484,GEO_STEP,VEL_R,bfd1bdfb0fe19e0b
131996191279847,GEO_STEP,COORD_R,4002734abb4e8564
131996191727376,GEO_STEP,COORD_TH,3ff91eb851eb851f
131996192216344,GEO_STEP,VEL_R,bfd1cd61d2332340
131996192770395,GEO_STEP,COORD_R,400270718cef72f8
131996193315692,GEO_STEP,COORD_TH,3ff91eb851eb851f
131996193823305,GEO_STEP,VEL_R,bfd1dccd56fc45fc
131996194454271,GEO_STEP,COORD_R,40026d95e6f602ed
131996194941658,GEO_STEP,COORD_TH,3ff91eb851eb851f
131996195517940,GEO_STEP,VEL_R,bfd1ec3da4947bc0
131996196048752,GEO_STEP,COORD_R,40026ab7c89e3d17
131996196533394,GEO_STEP,COORD_TH,3ff91eb851eb851f
131996197025637,GEO_STEP,VEL_R,bfd1fbb2c15ba7b6
131996197606828,GEO_STEP,COORD_R,400267d73123242f
131996198256043,GEO_STEP,COORD_TH,3ff91eb851eb851f
131996198843788,GEO_STEP,VEL_R,bfd20b2cb3ba2c0d
131996199388942,GEO_STEP,COORD_R,400264f41fbeb47a
131996199980958,GEO_STEP,COORD_TH,3ff91eb851eb851f
131996200585525,GEO_STEP,VEL_R,bfd21aab8220fb83
131996201171053,GEO_STEP,COORD_R,4002620e93a9e266
131996201738874,GEO_STEP,COORD_TH,3ff91eb851eb851f
131996202438325,GEO_STEP,VEL_R,bfd22a2f3309ab17
131996203234130,GEO_STEP,COORD_R,40025f268c1c992c
131996203782169,GEO_STEP,COORD_TH,3ff91eb851eb851f
131996204412858,GEO_STEP,VEL_R,bfd239b7ccf683e5
131996205035878,GEO_STEP,COORD_R,40025c3c084db969
131996205656126,GEO_STEP,COORD_TH,3ff91eb851eb851f
131996206351166,GEO_STEP,VEL_R,bfd249455672952c
131996206860122,GEO_STEP,COORD_R,4002594f077317b8
131996207361225,GEO_STEP,COORD_TH,3ff91eb851eb851f
131996207856663,GEO_STEP,VEL_R,bfd258d7d611c67f
131996208420410,GEO_STEP,COORD_R,4002565f88c17b46
131996208965115,GEO_STEP,COORD_TH,3ff91eb851eb851f
131996209552138,GEO_STEP,VEL_R,bfd2686f5270ea25
131996210195056,GEO_STEP,COORD_R,4002536d8b6c9c68
131996210793142,GEO_STEP,COORD_TH,3ff91eb851eb851f
131996211389076,GEO_STEP,VEL_R,bfd2780bd235cfa0
131996211919243,GEO_STEP,COORD_R,400250790ea72328
131996212463297,GEO_STEP,COORD_TH,3ff91eb851eb851f
131996212873370,GEO_STEP,VEL_R,bfd287ad5c0f5664
131996213323653,GEO_STEP,COORD_R,40024d8211a2a5d2
131996213746736,GEO_STEP,COORD_TH,3ff91eb851eb851f
131996214233806,GEO_STEP,VEL_R,bfd29753f6b580bc
131996215096358,GEO_STEP,COORD_R,40024a88938fa780
131996215941172,GEO_STEP,COORD_TH,3ff91eb851eb851f
131996216771577,GEO_STEP,VEL_R,bfd2a6ffa8e986d9
131996217450892,GEO_STEP,COORD_R,4002478c939d969e
131996218073326,GEO_STEP,COORD_TH,3ff91eb851eb851f
131996218636081,GEO_STEP,VEL_R,bfd2b6b07975ea11
131996219280318,GEO_STEP,COORD_R,4002448e10facb6e
131996219894147,GEO_STEP,COORD_TH,3ff91eb851eb851f
131996220486412,GEO_STEP,VEL_R,bfd2c6666f2e8850
131996221067130,GEO_STEP,COORD_R,4002418d0ad4868b
131996221558971,GEO_STEP,COORD_TH,3ff91eb851eb851f
131996222147974,GEO_STEP,VEL_R,bfd2d62190f0afb1
131996222919984,GEO_STEP,COORD_R,40023e898056ef65
131996223320603,GEO_STEP,COORD_TH,3ff91eb851eb851f
131996223630957,GEO_STEP,VEL_R,bfd2e5e1e5a3324f
131996223938029,GEO_STEP,COORD_R,40023b8370ad12b9
131996224271811,GEO_STEP,COORD_TH,3ff91eb851eb851f
131996224587540,GEO_STEP,VEL_R,bfd2f5a774367a40
131996224905524,GEO_STEP,COORD_R,4002387adb00e10c
131996225321727,GEO_STEP,COORD_TH,3ff91eb851eb851f
131996225654152,GEO_STEP,VEL_R,bfd3057243a49dc5
131996225960934,GEO_STEP,COORD_R,4002356fbe7b2d1c
131996226273518,GEO_STEP,COORD_TH,3ff91eb851eb851f
131996226557628,GEO_STEP,VEL_R,bfd315425af173a9
131996226846260,GEO_STEP,COORD_R,400232621a43aa51
131996227176482,GEO_STEP,COORD_TH,3ff91eb851eb851f
131996227374459,GEO_STEP,VEL_R,bfd32517c12aa7d5
131996227562114,GEO_STEP,COORD_R,40022f51ed80eb2c
131996227751424,GEO_STEP,COORD_TH,3ff91eb851eb851f
131996227942288,GEO_STEP,VEL_R,bfd334f27d67d012
131996228155326,GEO_STEP,COORD_R,40022c3f37585faf
131996228343457,GEO_STEP,COORD_TH,3ff91eb851eb851f
131996228522471,GEO_STEP,VEL_R,bfd344d296ca8104
131996228701655,GEO_STEP,COORD_R,40022929f6ee53c3
131996228904595,GEO_STEP,COORD_TH,3ff91eb851eb851f
131996229128045,GEO_STEP,VEL_R,bfd354b8147e6355
131996229323817,GEO_STEP,COORD_R,400226122b65ed9f
131996229503304,GEO_STEP,COORD_TH,3ff91eb851eb851f
131996229683448,GEO_STEP,VEL_R,bfd364a2fdb94916
131996229960137,GEO_STEP,COORD_R,400222f7d3e12c23
131996230329424,GEO_STEP,COORD_TH,3ff91eb851eb851f
131996230632857,GEO_STEP,VEL_R,bfd3749359bb4353
131996230924794,GEO_STEP,COORD_R,40021fdaef80e537
131996231215548,GEO_STEP,COORD_TH,3ff91eb851eb851f
131996231394310,GEO_STEP,VEL_R,bfd384892fceb7e2
131996231574453,GEO_STEP,COORD_R,40021cbb7d64c424
131996231754706,GEO_STEP,COORD_TH,3ff91eb851eb851f
131996231934657,GEO_STEP,VEL_R,bfd3948487487763
131996232127937,GEO_STEP,COORD_R,400219997cab47e8
131996232308724,GEO_STEP,COORD_TH,3ff91eb851eb851f
131996232496163,GEO_STEP,VEL_R,bfd3a4856787d379
131996232681869,GEO_STEP,COORD_R,40021674ec71c189
131996232862321,GEO_STEP,COORD_TH,3ff91eb851eb851f
131996233057932,GEO_STEP,VEL_R,bfd3b48bd7f6b53c
131996233240163,GEO_STEP,COORD_R,4002134dcbd45262
131996233455288,GEO_STEP,COORD_TH,3ff91eb851eb851f
131996233636427,GEO_STEP,VEL_R,bfd3c497e009b3e1
131996233951797,GEO_STEP,COORD_R,4002102419edea6e
131996234344720,GEO_STEP,COORD_TH,3ff91eb851eb851f
131996234682985,GEO_STEP,VEL_R,bfd3d4a987402b9d
131996234953793,GEO_STEP,COORD_R,40020cf7d5d84690
131996235540230,GEO_STEP,COORD_TH,3ff91eb851eb851f
131996236171485,GEO_STEP,VEL_R,bfd3e4c0d52454c1
131996236770862,GEO_STEP,COORD_R,400209c8feabeed4
131996237286864,GEO_STEP,COORD_TH,3ff91eb851eb851f
131996237581836,GEO_STEP,VEL_R,bfd3f4ddd14b5b11
131996237881680,GEO_STEP,COORD_R,40020697938034b1
131996238332004,GEO_STEP,COORD_TH,3ff91eb851eb851f
131996238652734,GEO_STEP,VEL_R,bfd4050083557556
131996238945065,GEO_STEP,COORD_R,40020363936b3142
131996239351658,GEO_STEP,COORD_TH,3ff91eb851eb851f
131996239666556,GEO_STEP,VEL_R,bfd41528f2edfd2a
131996239943296,GEO_STEP,COORD_R,4002002cfd81c380
131996240237891,GEO_STEP,COORD_TH,3ff91eb851eb851f
131996240514370,GEO_STEP,VEL_R,bfd4255727cb8703
131996240821427,GEO_STEP,COORD_R,4001fcf3d0d78e75
131996241159546,GEO_STEP,COORD_TH,3ff91eb851eb851f
131996241448890,GEO_STEP,VEL_R,bfd4358b29affa7c
131996241736187,GEO_STEP,COORD_R,4001f9b80c7ef76c
131996242034637,GEO_STEP,COORD_TH,3ff91eb851eb851f
131996242271550,GEO_STEP,VEL_R,bfd445c50068aad8
131996242450752,GEO_STEP,COORD_R,4001f679af89241d
131996242641110,GEO_STEP,COORD_TH,3ff91eb851eb851f
131996242823065,GEO_STEP,VEL_R,bfd45604b3ce6fc9
131996243016437,GEO_STEP,COORD_R,4001f338b905f8d8
131996243249416,GEO_STEP,COORD_TH,3ff91eb851eb851f
131996243437393,GEO_STEP,VEL_R,bfd4664a4bc5be72
131996243621436,GEO_STEP,COORD_R,4001eff5280416a5
131996243806399,GEO_STEP,COORD_TH,3ff91eb851eb851f
131996244008264,GEO_STEP,VEL_R,bfd47695d03ec2ac
131996244224466,GEO_STEP,COORD_R,4001ecaefb90d967
131996244691639,GEO_STEP,COORD_TH,3ff91eb851eb851f
131996245247081,GEO_STEP,VEL_R,bfd486e74935788c
131996246072008,GEO_STEP,COORD_R,4001e96632b855f8
131996246400446,GEO_STEP,COORD_TH,3ff91eb851eb851f
131996246593388,GEO_STEP,VEL_R,bfd4973ebeb1c62b
131996247256850,GEO_STEP,COORD_R,4001e61acc85583f
131996247623660,GEO_STEP,COORD_TH,3ff91eb851eb851f
131996247946591,GEO_STEP,VEL_R,bfd4a79c38c795ae
131996248344958,GEO_STEP,COORD_R,4001e2ccc8016146
131996248650017,GEO_STEP,COORD_TH,3ff91eb851eb851f
131996249051856,GEO_STEP,VEL_R,bfd4b7ffbf96ef97
131996250075369,GEO_STEP,COORD_R,4001df7c2434a549
131996250802121,GEO_STEP,COORD_TH,3ff91eb851eb851f
131996251574725,GEO_STEP,VEL_R,bfd4c8695b4c1554
131996252295853,GEO_STEP,COORD_R,4001dc28e02609c0
131996253110135,GEO_STEP,COORD_TH,3ff91eb851eb851f
131996253715580,GEO_STEP,VEL_R,bfd4d8d9141f9c19
131996254335890,GEO_STEP,COORD_R,4001d8d2fadb236a
131996255069431,GEO_STEP,COORD_TH,3ff91eb851eb851f
131996255659283,GEO_STEP,VEL_R,bfd4e94ef25687fd
131996256447122,GEO_STEP,COORD_R,4001d57a7358344a
131996257207360,GEO_STEP,COORD_TH,3ff91eb851eb851f
131996257593806,GEO_STEP,VEL_R,bfd4f9cafe42675e
131996257985829,GEO_STEP,COORD_R,4001d21f48a029aa
131996258392452,GEO_STEP,COORD_TH,3ff91eb851eb851f
131996258753491,GEO_STEP,VEL_R,bfd50a4d40416e8e
131996259214082,GEO_STEP,COORD_R,4001cec179b49a13
131996259799570,GEO_STEP,COORD_TH,3ff91eb851eb851f
131996260345995,GEO_STEP,VEL_R,bfd51ad5c0be93c8
131996260874210,GEO_STEP,COORD_R,4001cb610595c343
131996261259410,GEO_STEP,COORD_TH,3ff91eb851eb851f
131996261541729,GEO_STEP,VEL_R,bfd52b648831ab6e
131996261856012,GEO_STEP,COORD_R,4001c7fdeb42881d
131996262176752,GEO_STEP,COORD_TH,3ff91eb851eb851f
131996262490455,GEO_STEP,VEL_R,bfd53bf99f1f8495
131996262796148,GEO_STEP,COORD_R,4001c49829b86e97
131996263172346,GEO_STEP,COORD_TH,3ff91eb851eb851f
131996263473306,GEO_STEP,VEL_R,bfd54c950e1a05d7
131996263775674,GEO_STEP,COORD_R,4001c12fbff39da0
131996264067202,GEO_STEP,COORD_TH,3ff91eb851eb851f
131996264343180,GEO_STEP,VEL_R,bfd55d36ddc04a77
131996264606969,GEO_STEP,COORD_R,4001bdc4aceedb05
131996264879498,GEO_STEP,COORD_TH,3ff91eb851eb851f
131996265160168,GEO_STEP,VEL_R,bfd56ddf16bebfcf
131996265514622,GEO_STEP,COORD_R,4001ba56efa3894d
131996265865905,GEO_STEP,COORD_TH,3ff91eb851eb851f
131996266156273,GEO_STEP,VEL_R,bfd57e8dc1cf430b
131996266471268,GEO_STEP,COORD_R,4001b6e68709a594
131996266756389,GEO_STEP,COORD_TH,3ff91eb851eb851f
131996267080858,GEO_STEP,VEL_R,bfd58f42e7b93f39
131996267636375,GEO_STEP,COORD_R,4001b3737217c561
131996268282387,GEO_STEP,COORD_TH,3ff91eb851eb851f
131996268872888,GEO_STEP,VEL_R,bfd59ffe9151cba5
131996269940104,GEO_STEP,COORD_R,4001affdafc31474
131996271532085,GEO_STEP,COORD_TH,3ff91eb851eb851f
131996272508376,GEO_STEP,VEL_R,bfd5b0c0c77bca86
131996273385682,GEO_STEP,COORD_R,4001ac853eff5291
131996274171734,GEO_STEP,COORD_TH,3ff91eb851eb851f
131996274638198,GEO_STEP,VEL_R,bfd5c18993280800
131996275186149,GEO_STEP,COORD_R,4001a90a1ebed148
131996275811275,GEO_STEP,COORD_TH,3ff91eb851eb851f
131996276380835,GEO_STEP,VEL_R,bfd5d258fd555978
131996276834132,GEO_STEP,COORD_R,4001a58c4df271b5
131996277453817,GEO_STEP,COORD_TH,3ff91eb851eb851f
131996277985136,GEO_STEP,VEL_R,bfd5e32f0f10bd3e
131996278548662,GEO_STEP,COORD_R,4001a20bcb89a23b
131996278953696,GEO_STEP,COORD_TH,3ff91eb851eb851f
131996279419834,GEO_STEP,VEL_R,bfd5f40bd1757a89
131996279822918,GEO_STEP,COORD_R,40019e8896725c3c
131996280302773,GEO_STEP,COORD_TH,3ff91eb851eb851f
131996280754532,GEO_STEP,VEL_R,bfd604ef4dad41ce
131996281259120,GEO_STEP,COORD_R,40019b02ad9921cb
131996281715879,GEO_STEP,COORD_TH,3ff91eb851eb851f
131996282290457,GEO_STEP,VEL_R,bfd615d98cf04d6e
131996282743878,GEO_STEP,COORD_R,4001977a0fe8fb58
131996283443710,GEO_STEP,COORD_TH,3ff91eb851eb851f
131996283946677,GEO_STEP,VEL_R,bfd626ca988582b8
131996284427681,GEO_STEP,COORD_R,400193eebc4b7558
131996284888702,GEO_STEP,COORD_TH,3ff91eb851eb851f
131996285463947,GEO_STEP,VEL_R,bfd637c279c2934e
131996286097858,GEO_STEP,COORD_R,40019060b1a89de4
131996286668263,GEO_STEP,COORD_TH,3ff91eb851eb851f
131996287341893,GEO_STEP,VEL_R,bfd648c13a0c1edb
131996287917843,GEO_STEP,COORD_R,40018ccfeee7025a
131996288434911,GEO_STEP,COORD_TH,3ff91eb851eb851f
131996288944984,GEO_STEP,VEL_R,bfd659c6e2d5d530
131996289568805,GEO_STEP,COORD_R,4001893c72ebacf0
131996290116544,GEO_STEP,COORD_TH,3ff91eb851eb851f
131996290685426,GEO_STEP,VEL_R,bfd66ad37da298b5
131996291258111,GEO_STEP,COORD_R,400185a63c9a2248
131996291807157,GEO_STEP,COORD_TH,3ff91eb851eb851f
131996292417727,GEO_STEP,VEL_R,bfd67be71404a13f
131996292951671,GEO_STEP,COORD_R,4001820d4ad45efb
131996293532071,GEO_STEP,COORD_TH,3ff91eb851eb851f
131996294097900,GEO_STEP,VEL_R,bfd68d01af9d9f44
131996294634599,GEO_STEP,COORD_R,40017e719c7ad51f
131996295236790,GEO_STEP,COORD_TH,3ff91eb851eb851f
131996295774923,GEO_STEP,VEL_R,bfd69e235a1edf71
131996296408963,GEO_STEP,COORD_R,40017ad3306c69c8
131996296926821,GEO_STEP,COORD_TH,3ff91eb851eb851f
131996297475746,GEO_STEP,VEL_R,bfd6af4c1d496ea1
131996297977156,GEO_STEP,COORD_R,4001773205867283
131996298458503,GEO_STEP,COORD_TH,3ff91eb851eb851f
131996299068036,GEO_STEP,VEL_R,bfd6c07c02ee3e39
131996299611406,GEO_STEP,COORD_R,4001738e1aa4b2cb
131996300230971,GEO_STEP,COORD_TH,3ff91eb851eb851f
131996300829697,GEO_STEP,VEL_R,bfd6d1b314ee48e9
131996301458965,GEO_STEP,COORD_R,40016fe76ea15978
131996302068525,GEO_STEP,COORD_TH,3ff91eb851eb851f
131996302683507,GEO_STEP,VEL_R,bfd6e2f15d3ab7d6
131996303262680,GEO_STEP,COORD_R,40016c3e0054fe27
131996303841859,GEO_STEP,COORD_TH,3ff91eb851eb851f
131996304489100,GEO_STEP,VEL_R,bfd6f436e5d50825
131996304994013,GEO_STEP,COORD_R,40016891ce969ea1
131996305580373,GEO_STEP,COORD_TH,3ff91eb851eb851f
131996306193522,GEO_STEP,VEL_R,bfd70583b8cf30f7
131996306729138,GEO_STEP,COORD_R,400164e2d83b9c33
131996307327645,GEO_STEP,COORD_TH,3ff91eb851eb851f
131996307830467,GEO_STEP,VEL_R,bfd716d7e04bc9cc
131996308325901,GEO_STEP,COORD_R,400161311c17b908
131996308830553,GEO_STEP,COORD_TH,3ff91eb851eb851f
131996309330657,GEO_STEP,VEL_R,bfd72833667e3150
131996309831197,GEO_STEP,COORD_R,40015d7c98fd157b
131996310338098,GEO_STEP,COORD_TH,3ff91eb851eb851f
131996310826980,GEO_STEP,VEL_R,bfd7399655aab49a
131996311380914,GEO_STEP,COORD_R,400159c54dbc2d5e
131996311955153,GEO_STEP,COORD_TH,3ff91eb851eb851f
131996312547395,GEO_STEP,VEL_R,bfd74b00b826b6d7
131996313202317,GEO_STEP,COORD_R,4001560b3923d541
131996313758213,GEO_STEP,COORD_TH,3ff91eb851eb851f
131996314372980,GEO_STEP,VEL_R,bfd75c729858d964
131996314957053,GEO_STEP,COORD_R,4001524e5a0137ae
131996315632972,GEO_STEP,COORD_TH,3ff91eb851eb851f
131996316230779,GEO_STEP,VEL_R,bfd76dec00b9245e
131996316797874,GEO_STEP,COORD_R,40014e8eaf1fd261
131996317425492,GEO_STEP,COORD_TH,3ff91eb851eb851f
131996318024760,GEO_STEP,VEL_R,bfd77f6cfbd12fa2
131996318617109,GEO_STEP,COORD_R,40014acc37497378
131996319203285,GEO_STEP,COORD_TH,3ff91eb851eb851f
131996319761460,GEO_STEP,VEL_R,bfd790f5943c4c44
131996320425746,GEO_STEP,COORD_R,40014706f146369f
131996320965099,GEO_STEP,COORD_TH,3ff91eb851eb851f
131996321484388,GEO_STEP,VEL_R,bfd7a285d4a7ae7b
131996322117548,GEO_STEP,COORD_R,4001433edbdc8231
131996322719977,GEO_STEP,COORD_TH,3ff91eb851eb851f
131996323247514,GEO_STEP,VEL_R,bfd7b41dc7d29804
131996323761357,GEO_STEP,COORD_R,40013f73f5d10456
131996324329017,GEO_STEP,COORD_TH,3ff91eb851eb851f
131996324872834,GEO_STEP,VEL_R,bfd7c5bd788e8304
131996325441715,GEO_STEP,COORD_R,40013ba63de6b018
131996325981021,GEO_STEP,COORD_TH,3ff91eb851eb851f
131996326494796,GEO_STEP,VEL_R,bfd7d764f1bf4d5e
131996327004505,GEO_STEP,COORD_R,400137d5b2deba72
131996327525728,GEO_STEP,COORD_TH,3ff91eb851eb851f
131996328064336,GEO_STEP,VEL_R,bfd7e9143e5b648b
131996328572816,GEO_STEP,COORD_R,4001340253789758
131996329082421,GEO_STEP,COORD_TH,3ff91eb851eb851f
131996329563054,GEO_STEP,VEL_R,bfd7facb696bf1f1
131996330144411,GEO_STEP,COORD_R,4001302c1e71f6b6
131996330646054,GEO_STEP,COORD_TH,3ff91eb851eb851f
131996331184847,GEO_STEP,VEL_R,bfd80c8a7e0d07b6
131996331695759,GEO_STEP,COORD_R,40012c531286c16d
131996332224564,GEO_STEP,COORD_TH,3ff91eb851eb851f
131996332778505,GEO_STEP,VEL_R,bfd81e51876dce1a
131996333337835,GEO_STEP,COORD_R,400128772e711642
131996333854985,GEO_STEP,COORD_TH,3ff91eb851eb851f
131996334435384,GEO_STEP,VEL_R,bfd8302090d0b152
131996335120922,GEO_STEP,COORD_R,4001249870e946c9
131996335644277,GEO_STEP,COORD_TH,3ff91eb851eb851f
131996336155290,GEO_STEP,VEL_R,bfd841f7a58b8fea
131996336779679,GEO_STEP,COORD_R,400120b6d8a5d44c
131996337312929,GEO_STEP,COORD_TH,3ff91eb851eb851f
131996337881765,GEO_STEP,VEL_R,bfd853d6d107e9ae
131996338334344,GEO_STEP,COORD_R,40011cd2645b6ca1
131996338881589,GEO_STEP,COORD_TH,3ff91eb851eb851f
131996339411897,GEO_STEP,VEL_R,bfd865be1ec30f1d
131996339940387,GEO_STEP,COORD_R,400118eb12bce705
131996340511090,GEO_STEP,COORD_TH,3ff91eb851eb851f
131996341149327,GEO_STEP,VEL_R,bfd877ad9a4e5167
131996341652591,GEO_STEP,COORD_R,40011500e27b40e3
131996342225646,GEO_STEP,COORD_TH,3ff91eb851eb851f
131996342744683,GEO_STEP,VEL_R,bfd889a54f4f32f7
131996343351256,GEO_STEP,COORD_R,40011113d2459a9d
131996343885577,GEO_STEP,COORD_TH,3ff91eb851eb851f
131996344476254,GEO_STEP,VEL_R,bfd89ba5497f9890
131996345072726,GEO_STEP,COORD_R,40010d23e0c93447
131996345633043,GEO_STEP,COORD_TH,3ff91eb851eb851f
131996346278123,GEO_STEP,VEL_R,bfd8adad94adfaf8
131996346753510,GEO_STEP,COORD_R,400109310cb16a5c
131996347368873,GEO_STEP,COORD_TH,3ff91eb851eb851f
131996347926370,GEO_STEP,VEL_R,bfd8bfbe3cbd9934
131996348483241,GEO_STEP,COORD_R,4001053b54a7b26c
131996349100300,GEO_STEP,COORD_TH,3ff91eb851eb851f
131996349791847,GEO_STEP,VEL_R,bfd8d1d74da6ab61
131996350424337,GEO_STEP,COORD_R,40010142b75397c1
131996351314031,GEO_STEP,COORD_TH,3ff91eb851eb851f
131996352216357,GEO_STEP,VEL_R,bfd8e3f8d376961b
131996353209127,GEO_STEP,COORD_R,4000fd47335ab7fb
131996354385055,GEO_STEP,COORD_TH,3ff91eb851eb851f
131996355102480,GEO_STEP,VEL_R,bfd8f622da501e84
131996355563164,GEO_STEP,COORD_R,4000f948c760bfa4
131996356103780,GEO_STEP,COORD_TH,3ff91eb851eb851f
131996356600202,GEO_STEP,VEL_R,bfd908556e6b9ee6
131996357166916,GEO_STEP,COORD_R,4000f547720766be
131996357748537,GEO_STEP,COORD_TH,3ff91eb851eb851f
131996358241199,GEO_STEP,VEL_R,bfd91a909c173bef
131996358786996,GEO_STEP,COORD_R,4000f14331ee6d44
131996359456304,GEO_STEP,COORD_TH,3ff91eb851eb851f
131996360086198,GEO_STEP,VEL_R,bfd92cd46fb71a8f
131996360615835,GEO_STEP,COORD_R,4000ed3c05b397a6
131996361178658,GEO_STEP,COORD_TH,3ff91eb851eb851f
131996361686499,GEO_STEP,VEL_R,bfd93f20f5c5967c
131996362151925,GEO_STEP,COORD_R,4000e931ebf2ab3c
131996362441835,GEO_STEP,COORD_TH,3ff91eb851eb851f
131996362724729,GEO_STEP,VEL_R,bfd951763ad37952
131996363021261,GEO_STEP,COORD_R,4000e524e3456aae
131996363287816,GEO_STEP,COORD_TH,3ff91eb851eb851f
131996363555353,GEO_STEP,VEL_R,bfd963d44b883265
131996363751933,GEO_STEP,COORD_R,4000e114ea439254
131996363968977,GEO_STEP,COORD_TH,3ff91eb851eb851f
131996364217486,GEO_STEP,VEL_R,bfd9763b34a20f30
131996364437118,GEO_STEP,COORD_R,4000dd01ff82d48f
131996364688711,GEO_STEP,COORD_TH,3ff91eb851eb851f
131996364872926,GEO_STEP,VEL_R,bfd988ab02f6747b
131996365091156,GEO_STEP,COORD_R,4000d8ec2196d616
131996365272936,GEO_STEP,COORD_TH,3ff91eb851eb851f
131996365449782,GEO_STEP,VEL_R,bfd99b23c3721828
131996365626064,GEO_STEP,COORD_R,4000d4d34f112a3b
131996365802234,GEO_STEP,COORD_TH,3ff91eb851eb851f
131996365982658,GEO_STEP,VEL_R,bfd9ada583193bb2
131996366187894,GEO_STEP,COORD_R,4000d0b786814f27
131996366407887,GEO_STEP,COORD_TH,3ff91eb851eb851f
131996366600803,GEO_STEP,VEL_R,bfd9c0304f07e760
131996366785013,GEO_STEP,COORD_R,4000cc98c674aa0c
131996366967383,GEO_STEP,COORD_TH,3ff91eb851eb851f
131996367182956,GEO_STEP,VEL_R,bfd9d2c43472262f
131996367361965,GEO_STEP,COORD_R,4000c8770d76834e
131996367536980,GEO_STEP,COORD_TH,3ff91eb851eb851f
131996367713199,GEO_STEP,VEL_R,bfd9e56140a44271
131996367888198,GEO_STEP,COORD_R,4000c4525a1002a0
131996368078810,GEO_STEP,COORD_TH,3ff91eb851eb851f
131996368254747,GEO_STEP,VEL_R,bfd9f80781030329
131996368431762,GEO_STEP,COORD_R,4000c02aaac82b1a
131996368607725,GEO_STEP,COORD_TH,3ff91eb851eb851f
131996368782670,GEO_STEP,VEL_R,bfda0ab7030bea24
131996368982035,GEO_STEP,COORD_R,4000bbfffe23d746
131996369400158,GEO_STEP,COORD_TH,3ff91eb851eb851f
131996369869101,GEO_STEP,VEL_R,bfda1d6fd45572d3
131996370531221,GEO_STEP,COORD_R,4000b7d252a5b51f
131996371100058,GEO_STEP,COORD_TH,3ff91eb851eb851f
131996371625038,GEO_STEP,VEL_R,bfda3032028f51e9
131996372303718,GEO_STEP,COORD_R,4000b3a1a6ce4208
131996373008114,GEO_STEP,COORD_TH,3ff91eb851eb851f
131996373593918,GEO_STEP,VEL_R,bfda42fd9b82b5bd
131996374209857,GEO_STEP,COORD_R,4000af6df91bc6b8
131996374733815,GEO_STEP,COORD_TH,3ff91eb851eb851f
131996375262313,GEO_STEP,VEL_R,bfda55d2ad128776
131996375704830,GEO_STEP,COORD_R,4000ab37480a531d
131996376286244,GEO_STEP,COORD_TH,3ff91eb851eb851f
131996376747074,GEO_STEP,VEL_R,bfda68b1453bad01
131996377231880,GEO_STEP,COORD_R,4000a6fd9213ba35
131996377668825,GEO_STEP,COORD_TH,3ff91eb851eb851f
131996378306023,GEO_STEP,VEL_R,bfda7b9972154bdc
131996378924326,GEO_STEP,COORD_R,4000a2c0d5af8dd7
131996379678828,GEO_STEP,COORD_TH,3ff91eb851eb851f
131996380570222,GEO_STEP,VEL_R,bfda8e8b41d10ca9
131996381274191,GEO_STEP,COORD_R,40009e8111531a79
131996381933971,GEO_STEP,COORD_TH,3ff91eb851eb851f
131996382697577,GEO_STEP,VEL_R,bfdaa186c2bb5f9f
131996383325515,GEO_STEP,COORD_R,40009a3e437162e5
131996383949424,GEO_STEP,COORD_TH,3ff91eb851eb851f
131996384654172,GEO_STEP,VEL_R,bfdab48c033bc1d0
131996385373072,GEO_STEP,COORD_R,400095f86a7b1be5
131996385731542,GEO_STEP,COORD_TH,3ff91eb851eb851f
131996386029485,GEO_STEP,VEL_R,bfdac79b11d50347
131996386639948,GEO_STEP,COORD_R,400091af84dea7e4
131996387240347,GEO_STEP,COORD_TH,3ff91eb851eb851f
131996387712569,GEO_STEP,VEL_R,bfdadab3fd258e0a
131996388301863,GEO_STEP,COORD_R,40008d6391081286
131996388878818,GEO_STEP,COORD_TH,3ff91eb851eb851f
131996389489865,GEO_STEP,VEL_R,bfdaedd6d3e7adf9
131996390085118,GEO_STEP,COORD_R,400089148d610c2d
131996390617484,GEO_STEP,COORD_TH,3ff91eb851eb851f
131996391265611,GEO_STEP,VEL_R,bfdb0103a4f1d997
131996391884034,GEO_STEP,COORD_R,400084c27850e57b
131996392629535,GEO_STEP,COORD_TH,3ff91eb851eb851f
131996393333356,GEO_STEP,VEL_R,bfdb143a7f36fbb8
131996394061485,GEO_STEP,COORD_R,4000806d503c8ac3
131996394771171,GEO_STEP,COORD_TH,3ff91eb851eb851f
131996395487155,GEO_STEP,VEL_R,bfdb277b71c6be1c
131996396136823,GEO_STEP,COORD_R,40007c1513867f71
131996396674910,GEO_STEP,COORD_TH,3ff91eb851eb851f
131996397567863,GEO_STEP,VEL_R,bfdb3ac68bcdd4fb
131996397981980,GEO_STEP,COORD_R,400077b9c08ed963
131996398471625,GEO_STEP,COORD_TH,3ff91eb851eb851f
131996399116689,GEO_STEP,VEL_R,bfdb4e1bdc964b82
131996399965333,GEO_STEP,COORD_R,4000735b55b33c38
131996400659729,GEO_STEP,COORD_TH,3ff91eb851eb851f
131996401334545,GEO_STEP,VEL_R,bfdb617b7387d149
131996402081750,GEO_STEP,COORD_R,40006ef9d14ed491
131996402880879,GEO_STEP,COORD_TH,3ff91eb851eb851f
131996403594824,GEO_STEP,VEL_R,bfdb74e5602808c3
131996404236402,GEO_STEP,COORD_R,40006a9531ba5348
131996404770088,GEO_STEP,COORD_TH,3ff91eb851eb851f
131996405346959,GEO_STEP,VEL_R,bfdb8859b21ad6ad
131996405817407,GEO_STEP,COORD_R,4000662d754be896
131996406340506,GEO_STEP,COORD_TH,3ff91eb851eb851f
131996406742316,GEO_STEP,VEL_R,bfdb9bd87922b27c
131996407243915,GEO_STEP,COORD_R,400061c29a573f32
131996407698155,GEO_STEP,COORD_TH,3ff91eb851eb851f
131996408284525,GEO_STEP,VEL_R,bfdbaf61c520f7d8
131996408800272,GEO_STEP,COORD_R,40005d549f2d775c
131996409601167,GEO_STEP,COORD_TH,3ff91eb851eb851f
131996410104079,GEO_STEP,VEL_R,bfdbc2f5a616391a
131996410584988,GEO_STEP,COORD_R,400058e3821d21e2
131996411128276,GEO_STEP,COORD_TH,3ff91eb851eb851f
131996411617828,GEO_STEP,VEL_R,bfdbd6942c2292de
131996412277449,GEO_STEP,COORD_R,4000546f41723b12
131996412764923,GEO_STEP,COORD_TH,3ff91eb851eb851f
131996413303114,GEO_STEP,VEL_R,bfdbea3d678600a2
131996413859193,GEO_STEP,COORD_R,40004ff7db7625a1
131996414437925,GEO_STEP,COORD_TH,3ff91eb851eb851f
131996414926668,GEO_STEP,VEL_R,bfdbfdf168a0b283
131996415427327,GEO_STEP,COORD_R,40004b7d4e6fa584
131996415911791,GEO_STEP,COORD_TH,3ff91eb851eb851f
131996416452715,GEO_STEP,VEL_R,bfdc11b03ff3640e
131996417099677,GEO_STEP,COORD_R,400046ff98a2dabc
131996417596644,GEO_STEP,COORD_TH,3ff91eb851eb851f
131996418158982,GEO_STEP,VEL_R,bfdc2579fe1fb433
131996418702704,GEO_STEP,COORD_R,4000427eb8513c10
131996419175254,GEO_STEP,COORD_TH,3ff91eb851eb851f
131996419683098,GEO_STEP,VEL_R,bfdc394eb3e87e5c
131996420216211,GEO_STEP,COORD_R,40003dfaabb991be
131996420682882,GEO_STEP,COORD_TH,3ff91eb851eb851f
131996421146973,GEO_STEP,VEL_R,bfdc4d2e723234af
131996421572360,GEO_STEP,COORD_R,400039737117f01c
131996422227717,GEO_STEP,COORD_TH,3ff91eb851eb851f
131996422730772,GEO_STEP,VEL_R,bfdc61194a033b78
131996423288283,GEO_STEP,COORD_R,400034e906a5b227
131996423827252,GEO_STEP,COORD_TH,3ff91eb851eb851f
131996424358066,GEO_STEP,VEL_R,bfdc750f4c8445c6
131996424818909,GEO_STEP,COORD_R,4000305b6a997407
131996425355005,GEO_STEP,COORD_TH,3ff91eb851eb851f
131996425809562,GEO_STEP,VEL_R,bfdc89108b00b341
131996426365631,GEO_STEP,COORD_R,40002bca9b270d84
131996426865171,GEO_STEP,COORD_TH,3ff91eb851eb851f
131996427395258,GEO_STEP,VEL_R,bfdc9d1d16e6ef39
131996427915838,GEO_STEP,COORD_R,40002736967f8c68
131996428441418,GEO_STEP,COORD_TH,3ff91eb851eb851f
131996428880729,GEO_STEP,VEL_R,bfdcb13501c8d0f7
131996429384321,GEO_STEP,COORD_R,4000229f5ad12ed6
131996429828867,GEO_STEP,COORD_TH,3ff91eb851eb851f
131996430352086,GEO_STEP,VEL_R,bfdcc5585d5bfd50
131996430827790,GEO_STEP,COORD_R,40001e04e6475d8f
131996431282428,GEO_STEP,COORD_TH,3ff91eb851eb851f
131996431725221,GEO_STEP,VEL_R,bfdcd9873b7a4986
131996432198449,GEO_STEP,COORD_R,40001967370aa627
131996432663156,GEO_STEP,COORD_TH,3ff91eb851eb851f
131996433305743,GEO_STEP,VEL_R,bfdcedc1ae221f78
131996433773184,GEO_STEP,COORD_R,400014c64b40b52c
131996434299831,GEO_STEP,COORD_TH,3ff91eb851eb851f
131996434810518,GEO_STEP,VEL_R,bfdd0207c776e324
131996435349133,GEO_STEP,COORD_R,40001022210c503b
131996435833172,GEO_STEP,COORD_TH,3ff91eb851eb851f
131996436355118,GEO_STEP,VEL_R,bfdd165999c15987
131996436839885,GEO_STEP,COORD_R,40000b7ab68d5004
131996437413107,GEO_STEP,COORD_TH,3ff91eb851eb851f
131996437901245,GEO_STEP,VEL_R,bfdd2ab7377010db
131996438538386,GEO_STEP,COORD_R,400006d009e09a3f
131996439064757,GEO_STEP,COORD_TH,3ff91eb851eb851f
131996439554253,GEO_STEP,VEL_R,bfdd3f20b317ca3c
131996440048356,GEO_STEP,COORD_R,4000022219201b8f
131996440493657,GEO_STEP,COORD_TH,3ff91eb851eb851f
131996441053634,GEO_STEP,VEL_R,bfdd53961f73e4b6
131996441584950,GEO_STEP,COORD_R,3ffffae1c4c582ac
131996442317899,GEO_STEP,COORD_TH,3ff91eb851eb851f
131996443003414,GEO_STEP,VEL_R,bfdd68178f66c9c7
131996443795087,GEO_STEP,COORD_R,3ffff178c778e6e6
131996444757801,GEO_STEP,COORD_TH,3ff91eb851eb851f
131996445304442,GEO_STEP,VEL_R,bfdd7ca515fa5b55
131996445860650,GEO_STEP,COORD_R,3fffe809367c1be7
131996446439382,GEO_STEP,COORD_TH,3ff91eb851eb851f
131996447040750,GEO_STEP,VEL_R,bfdd913ec6606324
131996447676097,GEO_STEP,COORD_R,3fffde930deab561
131996448300395,GEO_STEP,COORD_TH,3ff91eb851eb851f
131996448766415,GEO_STEP,VEL_R,bfdda5e4b3f303cd
131996449265393,GEO_STEP,COORD_R,3fffd51649da15b2
131996449895193,GEO_STEP,COORD_TH,3ff91eb851eb851f
131996450413791,GEO_STEP,VEL_R,bfddba96f2352b40
131996450897738,GEO_STEP,COORD_R,3fffcb92e65960d7
131996451499076,GEO_STEP,COORD_TH,3ff91eb851eb851f
131996452113135,GEO_STEP,VEL_R,bfddcf5594d306d7
131996452676323,GEO_STEP,COORD_R,3fffc208df716f3b
131996453274021,GEO_STEP,COORD_TH,3ff91eb851eb851f
131996453760406,GEO_STEP,VEL_R,bfdde420afa278fc
131996454252414,GEO_STEP,COORD_R,3fffb8783124c05c
131996454740158,GEO_STEP,COORD_TH,3ff91eb851eb851f
131996455278000,GEO_STEP,VEL_R,bfddf8f856a3906f
131996455823519,GEO_STEP,COORD_R,3fffaee0d76f6d4d
131996456377336,GEO_STEP,COORD_TH,3ff91eb851eb851f
131996456956027,GEO_STEP,VEL_R,bfde0ddc9e010130
131996457491664,GEO_STEP,COORD_R,3fffa542ce471b0f
131996457967223,GEO_STEP,COORD_TH,3ff91eb851eb851f
131996458525684,GEO_STEP,VEL_R,bfde22cd9a109f12
131996459105001,GEO_STEP,COORD_R,3fff9b9e119aecc8
131996459802752,GEO_STEP,COORD_TH,3ff91eb851eb851f
131996460446862,GEO_STEP,VEL_R,bfde37cb5f53da02
131996461061685,GEO_STEP,COORD_R,3fff91f29d5375ca
131996461629430,GEO_STEP,COORD_TH,3ff91eb851eb851f
131996462275717,GEO_STEP,VEL_R,bfde4cd602783c06
131996462843196,GEO_STEP,COORD_R,3fff88406d52ab79
131996463407189,GEO_STEP,COORD_TH,3ff91eb851eb851f
131996464076474,GEO_STEP,VEL_R,bfde61ed9857e8fe
131996464600611,GEO_STEP,COORD_R,3fff7e877d73d705
131996465173322,GEO_STEP,COORD_TH,3ff91eb851eb851f
131996465639210,GEO_STEP,VEL_R,bfde771235fa2028
131996466067886,GEO_STEP,COORD_R,3fff74c7c98b86fb
131996466472276,GEO_STEP,COORD_TH,3ff91eb851eb851f
131996466868498,GEO_STEP,VEL_R,bfde8c43f093bf7a
131996467342745,GEO_STEP,COORD_R,3fff6b014d6780a9
131996467742549,GEO_STEP,COORD_TH,3ff91eb851eb851f
131996468239105,GEO_STEP,VEL_R,bfdea182dd87c8cf
131996468637657,GEO_STEP,COORD_R,3fff613404ceb15f
131996469212611,GEO_STEP,COORD_TH,3ff91eb851eb851f
131996469607942,GEO_STEP,VEL_R,bfdeb6cf1267e8f5
131996470113994,GEO_STEP,COORD_R,3fff575feb811f7b
131996470559624,GEO_STEP,COORD_TH,3ff91eb851eb851f
131996470984401,GEO_STEP,VEL_R,bfdecc28a4f500a1
131996471689228,GEO_STEP,COORD_R,3fff4d84fd37db52
131996472251597,GEO_STEP,COORD_TH,3ff91eb851eb851f
131996472871901,GEO_STEP,VEL_R,bfdee18fab1faf52
131996473538152,GEO_STEP,COORD_R,3fff43a335a4efe7
131996474182591,GEO_STEP,COORD_TH,3ff91eb851eb851f
131996474634839,GEO_STEP,VEL_R,bfdef7043b08e02d
131996475302388,GEO_STEP,COORD_R,3fff39ba90735376
131996475820409,GEO_STEP,COORD_TH,3ff91eb851eb851f
131996476489982,GEO_STEP,VEL_R,bfdf0c866b0258da
131996477048992,GEO_STEP,COORD_R,3fff2fcb0946d7d4
131996477785381,GEO_STEP,COORD_TH,3ff91eb851eb851f
131996478414716,GEO_STEP,VEL_R,bfdf2216518f4a67
131996479051911,GEO_STEP,COORD_R,3fff25d49bbc1a9d
131996479556570,GEO_STEP,COORD_TH,3ff91eb851eb851f
131996480070018,GEO_STEP,VEL_R,bfdf37b40564e440
131996480504498,GEO_STEP,COORD_R,3fff1bd743687535
131996480907314,GEO_STEP,COORD_TH,3ff91eb851eb851f
131996481353604,GEO_STEP,VEL_R,bfdf4d5f9d6ae940
131996481820470,GEO_STEP,COORD_R,3fff11d2fbd9ec98
131996482460590,GEO_STEP,COORD_TH,3ff91eb851eb851f
131996483201127,GEO_STEP,VEL_R,bfdf631930bc46e6
131996483783414,GEO_STEP,COORD_R,3fff07c7c09720fc
131996484422123,GEO_STEP,COORD_TH,3ff91eb851eb851f
131996485130989,GEO_STEP,VEL_R,bfdf78e0d6a7aeba
131996485699762,GEO_STEP,COORD_R,3ffefdb58d1f3d3f
131996486421510,GEO_STEP,COORD_TH,3ff91eb851eb851f
131996487009811,GEO_STEP,VEL_R,bfdf8eb6a6b031e6
131996487747251,GEO_STEP,COORD_R,3ffef39c5ce9e625
131996488645135,GEO_STEP,COORD_TH,3ff91eb851eb851f
131996489271467,GEO_STEP,VEL_R,bfdfa49ab88ddf11
131996489709577,GEO_STEP,COORD_R,3ffee97c2b672963
131996490332634,GEO_STEP,COORD_TH,3ff91eb851eb851f
131996490910339,GEO_STEP,VEL_R,bfdfba8d242e6286
131996491536955,GEO_STEP,COORD_R,3ffedf54f3ff6c77
131996492200567,GEO_STEP,COORD_TH,3ff91eb851eb851f
131996492841258,GEO_STEP,VEL_R,bfdfd08e01b5a8af
131996493437110,GEO_STEP,COORD_R,3ffed526b2135b4b
131996494138619,GEO_STEP,COORD_TH,3ff91eb851eb851f
131996494721993,GEO_STEP,VEL_R,bfdfe69d697e82f0
131996495348940,GEO_STEP,COORD_R,3ffecaf160fbd6a6
131996495761948,GEO_STEP,COORD_TH,3ff91eb851eb851f
131996496227805,GEO_STEP,VEL_R,bfdffcbb741b4eec
131996496642674,GEO_STEP,COORD_R,3ffec0b4fc09e264
131996497108715,GEO_STEP,COORD_TH,3ff91eb851eb851f
131996497535667,GEO_STEP,VEL_R,bfe009741d2b501f
131996497998418,GEO_STEP,COORD_R,3ffeb6717e869378
131996498503908,GEO_STEP,COORD_TH,3ff91eb851eb851f
131996498912487,GEO_STEP,VEL_R,bfe01491ea99f65b
131996499378666,GEO_STEP,COORD_R,3ffeac26e3b2fdbc
131996499834027,GEO_STEP,COORD_TH,3ff91eb851eb851f
131996500383626,GEO_STEP,VEL_R,bfe01fb72ef81d8c
131996500845647,GEO_STEP,COORD_R,3ffea1d526c82180
131996501355360,GEO_STEP,COORD_TH,3ff91eb851eb851f
131996501836874,GEO_STEP,VEL_R,bfe02ae3f7016a3f
131996502378688,GEO_STEP,COORD_R,3ffe977c42f6d8ea
131996502822752,GEO_STEP,COORD_TH,3ff91eb851eb851f
131996503338551,GEO_STEP,VEL_R,bfe036184f8efc2b
131996503923216,GEO_STEP,COORD_R,3ffe8d1c3367c515
131996504616400,GEO_STEP,COORD_TH,3ff91eb851eb851f
131996505165933,GEO_STEP,VEL_R,bfe041544597c984
131996505745238,GEO_STEP,COORD_R,3ffe82b4f33b3afa
131996506541611,GEO_STEP,COORD_TH,3ff91eb851eb851f
131996507265119,GEO_STEP,VEL_R,bfe04c97e630fbb4
131996507844969,GEO_STEP,COORD_R,3ffe78467d89301b
131996508383218,GEO_STEP,COORD_TH,3ff91eb851eb851f
131996508891369,GEO_STEP,VEL_R,bfe057e33e8e4d6d
131996509474187,GEO_STEP,COORD_R,3ffe6dd0cd6126f4
131996509992927,GEO_STEP,COORD_TH,3ff91eb851eb851f
131996510565757,GEO_STEP,VEL_R,bfe063365c026a2f
131996511059270,GEO_STEP,COORD_R,3ffe6353ddca1b2b
131996511541775,GEO_STEP,COORD_TH,3ff91eb851eb851f
131996512067519,GEO_STEP,VEL_R,bfe06e914bff4f36
131996512604515,GEO_STEP,COORD_R,3ffe58cfa9c26d88
131996513243268,GEO_STEP,COORD_TH,3ff91eb851eb851f
131996513764939,GEO_STEP,VEL_R,bfe079f41c16ade6
131996514319915,GEO_STEP,COORD_R,3ffe4e442c3fcfa8
131996514839702,GEO_STEP,COORD_TH,3ff91eb851eb851f
131996515392813,GEO_STEP,VEL_R,bfe0855ed9fa4faf
131996515984498,GEO_STEP,COORD_R,3ffe43b1602f2f75
131996516570578,GEO_STEP,COORD_TH,3ff91eb851eb851f
131996517249506,GEO_STEP,VEL_R,bfe090d1937c7b7a
131996517707916,GEO_STEP,COORD_R,3ffe39174074a259
131996518181861,GEO_STEP,COORD_TH,3ff91eb851eb851f
131996518598674,GEO_STEP,VEL_R,bfe09c4c56905ca1
131996519104898,GEO_STEP,COORD_R,3ffe2e75c7eb5032
131996519554470,GEO_STEP,COORD_TH,3ff91eb851eb851f
131996520317434,GEO_STEP,VEL_R,bfe0a7cf314a6b77
131996521098339,GEO_STEP,COORD_R,3ffe23ccf1655e02
131996521688264,GEO_STEP,COORD_TH,3ff91eb851eb851f
131996522322337,GEO_STEP,VEL_R,bfe0b35a31e0d76f
131996522887493,GEO_STEP,COORD_R,3ffe191cb7abd859
131996523480604,GEO_STEP,COORD_TH,3ff91eb851eb851f
131996523956229,GEO_STEP,VEL_R,bfe0beed66abf2e2
131996524542836,GEO_STEP,COORD_R,3ffe0e65157e9d80
131996525082241,GEO_STEP,COORD_TH,3ff91eb851eb851f
131996525622328,GEO_STEP,VEL_R,bfe0ca88de26a07f
131996526142151,GEO_STEP,COORD_R,3ffe03a605944757
131996526670588,GEO_STEP,COORD_TH,3ff91eb851eb851f
131996527187510,GEO_STEP,VEL_R,bfe0d62ca6eec26d
131996527779805,GEO_STEP,COORD_R,3ffdf8df829a14ef
131996528279956,GEO_STEP,COORD_TH,3ff91eb851eb851f
131996528744343,GEO_STEP,VEL_R,bfe0e1d8cfc5ab28
131996529259272,GEO_STEP,COORD_R,3ffdee118733d3de
131996529664708,GEO_STEP,COORD_TH,3ff91eb851eb851f
131996530113416,GEO_STEP,VEL_R,bfe0ed8d6790901c
131996530550529,GEO_STEP,COORD_R,3ffde33c0dfbc944
131996530995361,GEO_STEP,COORD_TH,3ff91eb851eb851f
131996531496199,GEO_STEP,VEL_R,bfe0f94a7d58fe0c
131996531886196,GEO_STEP,COORD_R,3ffdd85f11829a8d
131996532418779,GEO_STEP,COORD_TH,3ff91eb851eb851f
131996532886221,GEO_STEP,VEL_R,bfe10510204d4f4e
131996533412105,GEO_STEP,COORD_R,3ffdcd7a8c4f35df
131996533992481,GEO_STEP,COORD_TH,3ff91eb851eb851f
131996534596394,GEO_STEP,VEL_R,bfe110de5fc123dd
131996535176106,GEO_STEP,COORD_R,3ffdc28e78deba43
131996535746400,GEO_STEP,COORD_TH,3ff91eb851eb851f
131996536374577,GEO_STEP,VEL_R,bfe11cb54b2ddb55
131996536891021,GEO_STEP,COORD_R,3ffdb79ad1a45f79
131996537544633,GEO_STEP,COORD_TH,3ff91eb851eb851f
131996538102388,GEO_STEP,VEL_R,bfe12894f23310d7
131996538593296,GEO_STEP,COORD_R,3ffdac9f91095d83
131996539168391,GEO_STEP,COORD_TH,3ff91eb851eb851f
131996539741038,GEO_STEP,VEL_R,bfe1347d649718e9
131996540355996,GEO_STEP,COORD_R,3ffda19cb16cd3d9
131996540866848,GEO_STEP,COORD_TH,3ff91eb851eb851f
131996541485872,GEO_STEP,VEL_R,bfe1406eb2478151
131996542212718,GEO_STEP,COORD_R,3ffd96922d23b053
131996542752447,GEO_STEP,COORD_TH,3ff91eb851eb851f
131996543389689,GEO_STEP,VEL_R,bfe14c68eb5992fe
131996544085467,GEO_STEP,COORD_R,3ffd8b7ffe7895b7
131996544695749,GEO_STEP,COORD_TH,3ff91eb851eb851f
131996545212621,GEO_STEP,VEL_R,bfe1586c200ad602
131996545710665,GEO_STEP,COORD_R,3ffd80661fabc1fb
131996546217262,GEO_STEP,COORD_TH,3ff91eb851eb851f
131996546673966,GEO_STEP,VEL_R,bfe1647860c197ad
131996547270538,GEO_STEP,COORD_R,3ffd75448af2f429
131996547800928,GEO_STEP,COORD_TH,3ff91eb851eb851f
131996548354869,GEO_STEP,VEL_R,bfe1708dbe0d72cd
131996548902174,GEO_STEP,COORD_R,3ffd6a1b3a7951f4
131996549483443,GEO_STEP,COORD_TH,3ff91eb851eb851f
131996550144786,GEO_STEP,VEL_R,bfe17cac48a7da23
131996550799607,GEO_STEP,COORD_R,3ffd5eea285f4cee
131996551590388,GEO_STEP,COORD_TH,3ff91eb851eb851f
131996552319861,GEO_STEP,VEL_R,bfe188d41174a516
131996553204166,GEO_STEP,COORD_R,3ffd53b14eba8766
131996554182021,GEO_STEP,COORD_TH,3ff91eb851eb851f
131996555139130,GEO_STEP,VEL_R,bfe1950529829eaf
131996555888657,GEO_STEP,COORD_R,3ffd4870a795b8ec
131996556843661,GEO_STEP,COORD_TH,3ff91eb851eb851f
131996557526189,GEO_STEP,VEL_R,bfe1a13fa20c16e8
131996558276972,GEO_STEP,COORD_R,3ffd3d282cf09277
131996559101745,GEO_STEP,COORD_TH,3ff91eb851eb851f
131996559960600,GEO_STEP,VEL_R,bfe1ad838c77765e
131996560625528,GEO_STEP,COORD_R,3ffd31d7d8bfa22b
131996561334984,GEO_STEP,COORD_TH,3ff91eb851eb851f
131996561987826,GEO_STEP,VEL_R,bfe1b9d0fa57d469
131996562738238,GEO_STEP,COORD_R,3ffd267fa4ec36c2
131996563444406,GEO_STEP,COORD_TH,3ff91eb851eb851f
131996564176704,GEO_STEP,VEL_R,bfe1c627fd6d8fb4
131996564973643,GEO_STEP,COORD_R,3ffd1b1f8b54428f
131996565887149,GEO_STEP,COORD_TH,3ff91eb851eb851f
131996566808934,GEO_STEP,VEL_R,bfe1d288a7a6e953
131996567523185,GEO_STEP,COORD_R,3ffd0fb785ca3e23
131996568156612,GEO_STEP,COORD_TH,3ff91eb851eb851f
131996568650107,GEO_STEP,VEL_R,bfe1def30b20a26c
131996569181552,GEO_STEP,COORD_R,3ffd04478e150a88
131996569773924,GEO_STEP,COORD_TH,3ff91eb851eb851f
131996570389849,GEO_STEP,VEL_R,bfe1eb673a269c7e
131996570923585,GEO_STEP,COORD_R,3ffcf8cf9defd31a
131996571622414,GEO_STEP,COORD_TH,3ff91eb851eb851f
131996572328062,GEO_STEP,VEL_R,bfe1f7e547347c57
131996572991080,GEO_STEP,COORD_R,3ffced4faf09eef3
131996573660257,GEO_STEP,COORD_TH,3ff91eb851eb851f
131996574273409,GEO_STEP,VEL_R,bfe2046d44f64fbb
131996574883681,GEO_STEP,COORD_R,3ffce1c7bb06c1f3
131996575793931,GEO_STEP,COORD_TH,3ff91eb851eb851f
131996576374614,GEO_STEP,VEL_R,bfe210ff464935db
131996576997939,GEO_STEP,COORD_R,3ffcd637bb7d9d56
131996577775834,GEO_STEP,COORD_TH,3ff91eb851eb851f
131996578516661,GEO_STEP,VEL_R,bfe21d9b5e3c0a99
131996579231006,GEO_STEP,COORD_R,3ffcca9fa9f99fdf
131996579601145,GEO_STEP,COORD_TH,3ff91eb851eb851f
131996579916182,GEO_STEP,VEL_R,bfe22a41a01014b7
131996580299845,GEO_STEP,COORD_R,3ffcbeff7ff99594
131996580609942,GEO_STEP,COORD_TH,3ff91eb851eb851f
131996580926603,GEO_STEP,VEL_R,bfe236f21f39b6f3
131996581276116,GEO_STEP,COORD_R,3ffcb35736efd70a
131996581612751,GEO_STEP,COORD_TH,3ff91eb851eb851f
131996581918215,GEO_STEP,VEL_R,bfe243acef612427
131996582237398,GEO_STEP,COORD_R,3ffca7a6c842283b
131996582540662,GEO_STEP,COORD_TH,3ff91eb851eb851f
131996582856940,GEO_STEP,VEL_R,bfe250722463167b
131996583178008,GEO_STEP,COORD_R,3ffc9bee2d4996e5
131996583465706,GEO_STEP,COORD_TH,3ff91eb851eb851f
131996583754117,GEO_STEP,VEL_R,bfe25d41d25189b8
131996584080580,GEO_STEP,COORD_R,3ffc902d5f525878
131996584368383,GEO_STEP,COORD_TH,3ff91eb851eb851f
131996584651249,GEO_STEP,VEL_R,bfe26a1c0d7478cc
131996584932822,GEO_STEP,COORD_R,3ffc8464579ba787
131996585237039,GEO_STEP,COORD_TH,3ff91eb851eb851f
131996585520628,GEO_STEP,VEL_R,bfe27700ea4a9e94
131996585797444,GEO_STEP,COORD_R,3ffc78930f57a0bb
131996586116178,GEO_STEP,COORD_TH,3ff91eb851eb851f
131996586414401,GEO_STEP,VEL_R,bfe283f07d8a39f5
131996586693373,GEO_STEP,COORD_R,3ffc6cb97fab1f4e
131996586964491,GEO_STEP,COORD_TH,3ff91eb851eb851f
131996587241694,GEO_STEP,VEL_R,bfe290eadc21d55b
131996587509799,GEO_STEP,COORD_R,3ffc60d7a1ad9903
131996587774739,GEO_STEP,COORD_TH,3ff91eb851eb851f
131996588062240,GEO_STEP,VEL_R,bfe29df01b3911b5
131996588330871,GEO_STEP,COORD_R,3ffc54ed6e68f99c
131996588611745,GEO_STEP,COORD_TH,3ff91eb851eb851f
131996588900114,GEO_STEP,VEL_R,bfe2ab00503174f4
131996589193374,GEO_STEP,COORD_R,3ffc48faded97dcc
131996589471836,GEO_STEP,COORD_TH,3ff91eb851eb851f
131996589746936,GEO_STEP,VEL_R,bfe2b81b90a73c28
131996590025970,GEO_STEP,COORD_R,3ffc3cffebed8da6
131996590299203,GEO_STEP,COORD_TH,3ff91eb851eb851f
131996590562114,GEO_STEP,VEL_R,bfe2c541f2723151
131996590820211,GEO_STEP,COORD_R,3ffc30fc8e85967c
131996591098302,GEO_STEP,COORD_TH,3ff91eb851eb851f
131996591362018,GEO_STEP,VEL_R,bfe2d2738ba684ef
131996591624801,GEO_STEP,COORD_R,3ffc24f0bf73e43b
131996591888517,GEO_STEP,COORD_TH,3ff91eb851eb851f
131996592183499,GEO_STEP,VEL_R,bfe2dfb07295ab6c
131996592458612,GEO_STEP,COORD_R,3ffc18dc777c7a34
131996592729826,GEO_STEP,COORD_TH,3ff91eb851eb851f
131996593013336,GEO_STEP,VEL_R,bfe2ecf8bdcf3e72
131996593296568,GEO_STEP,COORD_R,3ffc0cbfaf54eb54
131996593575134,GEO_STEP,COORD_TH,3ff91eb851eb851f
131996593847930,GEO_STEP,VEL_R,bfe2fa4c8421e245
131996594138643,GEO_STEP,COORD_R,3ffc009a5fa431cd
131996594419433,GEO_STEP,COORD_TH,3ff91eb851eb851f
131996594690858,GEO_STEP,VEL_R,bfe307abdc9c2f31
131996594966286,GEO_STEP,COORD_R,3ffbf46c8102862a
131996595251947,GEO_STEP,COORD_TH,3ff91eb851eb851f
131996595549445,GEO_STEP,VEL_R,bfe31516de8d9f2c
131996595862912,GEO_STEP,COORD_R,3ffbe8360bf935c4
131996596353478,GEO_STEP,COORD_TH,3ff91eb851eb851f
131996597613721,GEO_STEP,VEL_R,bfe3228da1877fb6
131996598709805,GEO_STEP,COORD_R,3ffbdbf6f90278a5
131996599699853,GEO_STEP,COORD_TH,3ff91eb851eb851f
131996600849628,GEO_STEP,VEL_R,bfe330103d5de81a
131996601732837,GEO_STEP,COORD_R,3ffbcfaf408946c9
131996602788986,GEO_STEP,COORD_TH,3ff91eb851eb851f
131996603686807,GEO_STEP,VEL_R,bfe33d9eca28b425
131996606174641,GEO_STEP,COORD_R,3ffbc35edae92cbc
131996606892611,GEO_STEP,COORD_TH,3ff91eb851eb851f
131996607551057,GEO_STEP,VEL_R,bfe34b3960448365
131996608258005,GEO_STEP,COORD_R,3ffbb705c06e1f9b
131996608805666,GEO_STEP,COORD_TH,3ff91eb851eb851f
131996609572570,GEO_STEP,VEL_R,bfe358e01853bd13
131996610302327,GEO_STEP,COORD_R,3ffbaaa3e954506a
131996611132314,GEO_STEP,COORD_TH,3ff91eb851eb851f
131996611659802,GEO_STEP,VEL_R,bfe366930b3f98bb
131996612216851,GEO_STEP,COORD_R,3ffb9e394dc7fec1
131996612628218,GEO_STEP,COORD_TH,3ff91eb851eb851f
131996613136301,GEO_STEP,VEL_R,bfe3745252392bc1
131996613592665,GEO_STEP,COORD_R,3ffb91c5e5e54ace
131996614132128,GEO_STEP,COORD_TH,3ff91eb851eb851f
131996614386416,GEO_STEP,VEL_R,bfe3821e06ba7bdb
131996614707283,GEO_STEP,COORD_R,3ffb8549a9b806a8
131996615014822,GEO_STEP,COORD_TH,3ff91eb851eb851f
131996615356377,GEO_STEP,VEL_R,bfe38ff64287969b
131996615670402,GEO_STEP,COORD_R,3ffb78c4913b86eb
131996615930087,GEO_STEP,COORD_TH,3ff91eb851eb851f
131996616197398,GEO_STEP,VEL_R,bfe39ddb1fafae2e
131996616414789,GEO_STEP,COORD_R,3ffb6c36945a72a4
131996616623748,GEO_STEP,COORD_TH,3ff91eb851eb851f
131996616889680,GEO_STEP,VEL_R,bfe3abccb88e3b61
131996617175454,GEO_STEP,COORD_R,3ffb5f9faaee927e
131996617438657,GEO_STEP,COORD_TH,3ff91eb851eb851f
131996617616180,GEO_STEP,VEL_R,bfe3b9cb27cc2512
131996617795369,GEO_STEP,COORD_R,3ffb52ffccc09f33
131996617975028,GEO_STEP,COORD_TH,3ff91eb851eb851f
131996618197599,GEO_STEP,VEL_R,bfe3c7d68860ed2e
131996618375427,GEO_STEP,COORD_R,3ffb4656f1880f3f
131996618550632,GEO_STEP,COORD_TH,3ff91eb851eb851f
131996618727747,GEO_STEP,VEL_R,bfe3d5eef593e352
131996618904021,GEO_STEP,COORD_R,3ffb39a510eae3cc
131996619105352,GEO_STEP,COORD_TH,3ff91eb851eb851f
131996619306644,GEO_STEP,VEL_R,bfe3e4148afd5d3c
131996619887020,GEO_STEP,COORD_R,3ffb2cea227d74d8
131996620090222,GEO_STEP,COORD_TH,3ff91eb851eb851f
131996620293494,GEO_STEP,VEL_R,bfe3f2476487f521
131996620470719,GEO_STEP,COORD_R,3ffb20261dc23c8d
131996620647642,GEO_STEP,COORD_TH,3ff91eb851eb851f
131996620828665,GEO_STEP,VEL_R,bfe400879e71ce14
131996621019148,GEO_STEP,COORD_R,3ffb1358fa29a1cc
131996621201788,GEO_STEP,COORD_TH,3ff91eb851eb851f
131996621408258,GEO_STEP,VEL_R,bfe40ed5554dde9e
131996621584156,GEO_STEP,COORD_R,3ffb0682af11c1e1
131996621759903,GEO_STEP,COORD_TH,3ff91eb851eb851f
131996621954447,GEO_STEP,VEL_R,bfe41d30a60541a8
131996622147769,GEO_STEP,COORD_R,3ffaf9a333c63965
131996622331410,GEO_STEP,COORD_TH,3ff91eb851eb851f
131996622536795,GEO_STEP,VEL_R,bfe42b99add88ddf
131996622715448,GEO_STEP,COORD_R,3ffaecba7f7fec3d
131996622892573,GEO_STEP,COORD_TH,3ff91eb851eb851f
131996623100904,GEO_STEP,VEL_R,bfe43a108a6133bb
131996623290557,GEO_STEP,COORD_R,3ffadfc88964ccc0
131996623513727,GEO_STEP,COORD_TH,3ff91eb851eb851f
131996623795446,GEO_STEP,VEL_R,bfe448955992e249
131996624248692,GEO_STEP,COORD_R,3ffad2cd4887a1f2
131996624991704,GEO_STEP,COORD_TH,3ff91eb851eb851f
131996625710617,GEO_STEP,VEL_R,bfe4572839bcf2e7
131996626257698,GEO_STEP,COORD_R,3ffac5c8b3e7ccdc
131996626472956,GEO_STEP,COORD_TH,3ff91eb851eb851f
131996626711543,GEO_STEP,VEL_R,bfe465c9498bdc14
131996626939480,GEO_STEP,COORD_R,3ffab8bac2710cf3
131996627158400,GEO_STEP,COORD_TH,3ff91eb851eb851f
131996627362795,GEO_STEP,VEL_R,bfe47478a80aab89
131996627542555,GEO_STEP,COORD_R,3ffaaba36afb438f
131996627738223,GEO_STEP,COORD_TH,3ff91eb851eb851f
131996627978989,GEO_STEP,VEL_R,bfe4833674a487b9
131996628182258,GEO_STEP,COORD_R,3ffa9e82a44a366b
131996628364041,GEO_STEP,COORD_TH,3ff91eb851eb851f
131996628561525,GEO_STEP,VEL_R,bfe49202cf2638f2
131996628792531,GEO_STEP,COORD_R,3ffa9158650d5128
131996629115387,GEO_STEP,COORD_TH,3ff91eb851eb851f
131996629300373,GEO_STEP,VEL_R,bfe4a0ddd7bfba41
131996629477841,GEO_STEP,COORD_R,3ffa8424a3df65d0
131996629653507,GEO_STEP,COORD_TH,3ff91eb851eb851f
131996629864368,GEO_STEP,VEL_R,bfe4afc7af05d253
131996630250804,GEO_STEP,COORD_R,3ffa76e757466c54
131996630522538,GEO_STEP,COORD_TH,3ff91eb851eb851f
131996630795147,GEO_STEP,VEL_R,bfe4bec075f3b477
131996631051990,GEO_STEP,COORD_R,3ffa69a075b340ff
131996631386811,GEO_STEP,COORD_TH,3ff91eb851eb851f
131996631602309,GEO_STEP,VEL_R,bfe4cdc84decaa03
131996631787444,GEO_STEP,COORD_R,3ffa5c4ff58161da
131996631967798,GEO_STEP,COORD_TH,3ff91eb851eb851f
131996632201994,GEO_STEP,VEL_R,bfe4dcdf58bdc440
131996632415013,GEO_STEP,COORD_R,3ffa4ef5ccf6aaf6
131996632650532,GEO_STEP,COORD_TH,3ff91eb851eb851f
131996632912662,GEO_STEP,VEL_R,bfe4ec05b89f9716
131996633222406,GEO_STEP,COORD_R,3ffa4191f24311a0
131996633400990,GEO_STEP,COORD_TH,3ff91eb851eb851f
131996633630849,GEO_STEP,VEL_R,bfe4fb3b9037fcb6
131996633872073,GEO_STEP,COORD_R,3ffa34245b805e6f
131996634150582,GEO_STEP,COORD_TH,3ff91eb851eb851f
131996634432587,GEO_STEP,VEL_R,bfe50a81029be26f
131996634704654,GEO_STEP,COORD_R,3ffa26acfeb1e630
131996634973250,GEO_STEP,COORD_TH,3ff91eb851eb851f
131996635208007,GEO_STEP,VEL_R,bfe519d633511eed
131996635389001,GEO_STEP,COORD_R,3ffa192bd1c441a1
131996635595695,GEO_STEP,COORD_TH,3ff91eb851eb851f
131996635796770,GEO_STEP,VEL_R,bfe5293b46505218
131996635973645,GEO_STEP,COORD_R,3ffa0ba0ca8d03fc
131996636165174,GEO_STEP,COORD_TH,3ff91eb851eb851f
131996636350599,GEO_STEP,VEL_R,bfe538b06006ced7
131996636558199,GEO_STEP,COORD_R,3ff9fe0bdeca7044
131996636786583,GEO_STEP,COORD_TH,3ff91eb851eb851f
131996637067990,GEO_STEP,VEL_R,bfe54835a5588eef
131996637333780,GEO_STEP,COORD_R,3ff9f06d04232d59
131996637546238,GEO_STEP,COORD_TH,3ff91eb851eb851f
131996637785835,GEO_STEP,VEL_R,bfe557cb3ba2313d
131996638062924,GEO_STEP,COORD_R,3ff9e2c43025f8bf
131996638334245,GEO_STEP,COORD_TH,3ff91eb851eb851f
131996638532751,GEO_STEP,VEL_R,bfe5677148bb0296
131996638793341,GEO_STEP,COORD_R,3ff9d5115849581a
131996639072809,GEO_STEP,COORD_TH,3ff91eb851eb851f
131996639295521,GEO_STEP,VEL_R,bfe57727f2f71180
131996639502628,GEO_STEP,COORD_R,3ff9c75471eb4956
131996639677837,GEO_STEP,COORD_TH,3ff91eb851eb851f
131996639905595,GEO_STEP,VEL_R,bfe586ef61294d1e
131996640133744,GEO_STEP,COORD_R,3ff9b98d7250f177
131996640316303,GEO_STEP,COORD_TH,3ff91eb851eb851f
131996640492682,GEO_STEP,VEL_R,bfe596c7baa5af87
131996640671098,GEO_STEP,COORD_R,3ff9abbc4ea649fc
131996640862233,GEO_STEP,COORD_TH,3ff91eb851eb851f
131996641075892,GEO_STEP,VEL_R,bfe5a6b1274373d4
131996641282423,GEO_STEP,COORD_R,3ff99de0fbfdcce5
131996641460389,GEO_STEP,COORD_TH,3ff91eb851eb851f
131996641635401,GEO_STEP,VEL_R,bfe5b6abcf5f583d
131996641829190,GEO_STEP,COORD_R,3ff98ffb6f501f3c
131996642025635,GEO_STEP,COORD_TH,3ff91eb851eb851f
131996642250312,GEO_STEP,VEL_R,bfe5c6b7dbddec7f
131996642426990,GEO_STEP,COORD_R,3ff9820b9d7bba2a
131996642616342,GEO_STEP,COORD_TH,3ff91eb851eb851f
131996642806375,GEO_STEP,VEL_R,bfe5d6d5762decf1
131996643029256,KERR_SCHILD_STEP,COORD_R,3ff974117b449288
131996643274360,KERR_SCHILD_STEP,COORD_R,3ff9660cfd541594
131996643482612,KERR_SCHILD_STEP,COORD_R,3ff957fe183820cc
131996643659747,KERR_SCHILD_STEP,COORD_R,3ff949e4c062fab5
131996643837425,KERR_SCHILD_STEP,COORD_R,3ff93bc0ea2af412
131996644156549,KERR_SCHILD_STEP,COORD_R,3ff92d9289ca076a
131996644415838,KERR_SCHILD_STEP,COORD_R,3ff91f59935d76d6
131996644694606,KERR_SCHILD_STEP,COORD_R,3ff91115fae56813
131996644989161,KERR_SCHILD_STEP,COORD_R,3ff902c7b4447ec5
131996645284174,KERR_SCHILD_STEP,COORD_R,3ff8f46eb33f74e6
131996645550251,KERR_SCHILD_STEP,COORD_R,3ff8e60aeb7cb159
131996645814647,KERR_SCHILD_STEP,COORD_R,3ff8d79c5083dc8c
131996646224138,KERR_SCHILD_STEP,COORD_R,3ff8c922d5bd732c
131996646502083,KERR_SCHILD_STEP,COORD_R,3ff8ba9e6e7256d5
131996646781981,KERR_SCHILD_STEP,COORD_R,3ff8ac0f0dcb5cb5
131996647070659,KERR_SCHILD_STEP,COORD_R,3ff89d74a6d0da1b
131996647820328,KERR_SCHILD_STEP,COORD_R,3ff88ecf2c6a2edc
131996648171426,KERR_SCHILD_STEP,COORD_R,3ff8801e915d4d8d
131996648476613,KERR_SCHILD_STEP,COORD_R,3ff87162c84e417b
131996648774420,KERR_SCHILD_STEP,COORD_R,3ff8629bc3beb258
131996649130472,KERR_SCHILD_STEP,COORD_R,3ff853c9760d6592
131996649403850,KERR_SCHILD_STEP,COORD_R,3ff844ebd175bd40
131996649662825,KERR_SCHILD_STEP,COORD_R,3ff83602c80f349b
131996649953361,KERR_SCHILD_STEP,COORD_R,3ff8270e4bccd9f4
131996650243861,KERR_SCHILD_STEP,COORD_R,3ff8180e4e7cc611
131996650507795,KERR_SCHILD_STEP,COORD_R,3ff80902c1c790ee
131996650774631,KERR_SCHILD_STEP,COORD_R,3ff7f9eb972fc3c6
131996651070645,KERR_SCHILD_STEP,COORD_R,3ff7eac8c0114858
131996651370584,KERR_SCHILD_STEP,COORD_R,3ff7db9a2da0d55a
131996651650931,KERR_SCHILD_STEP,COORD_R,3ff7cc5fd0eb5800
131996651932996,KERR_SCHILD_STEP,COORD_R,3ff7bd199ad55a8e
131996652235525,KERR_SCHILD_STEP,COORD_R,3ff7adc77c1a67dd
131996652544378,KERR_SCHILD_STEP,COORD_R,3ff79e69654c6bc3
131996652845741,KERR_SCHILD_STEP,COORD_R,3ff78eff46d31046
131996653245382,KERR_SCHILD_STEP,COORD_R,3ff77f8910eb1787
131996653540302,KERR_SCHILD_STEP,COORD_R,3ff77006b3a5b256
131996653847005,KERR_SCHILD_STEP,COORD_R,3ff760781ee7d350
131996654217312,KERR_SCHILD_STEP,COORD_R,3ff750dd42697e78
131996654515019,KERR_SCHILD_STEP,COORD_R,3ff741360db51530
131996654833228,KERR_SCHILD_STEP,COORD_R,3ff7318270269e7d
131996655128429,KERR_SCHILD_STEP,COORD_R,3ff721c258eb0b7c
131996655455706,KERR_SCHILD_STEP,COORD_R,3ff711f5b6ff77ef
131996655753984,KERR_SCHILD_STEP,COORD_R,3ff7021c793066ca
131996656107830,KERR_SCHILD_STEP,COORD_R,3ff6f2368e18faa3
131996656448089,KERR_SCHILD_STEP,COORD_R,3ff6e243e42229ec
131996656761369,KERR_SCHILD_STEP,COORD_R,3ff6d2446981eed7
131996657499677,KERR_SCHILD_STEP,COORD_R,3ff6c2380c3a72ce
131996657917911,KERR_SCHILD_STEP,COORD_R,3ff6b21eba193555
131996658881241,KERR_SCHILD_STEP,COORD_R,3ff6a1f860b62e46
131996659673266,KERR_SCHILD_STEP,COORD_R,3ff691c4ed72eb38
131996660408467,KERR_SCHILD_STEP,COORD_R,3ff681844d79a7fc
131996661085533,KERR_SCHILD_STEP,COORD_R,3ff671366dbc6207
131996661371243,KERR_SCHILD_STEP,COORD_R,3ff660db3af3e6a6
131996661977683,KERR_SCHILD_STEP,COORD_R,3ff65072a19edbde
131996663100648,KERR_SCHILD_STEP,COORD_R,3ff63ffc8e00c3c8
131996663880912,KERR_SCHILD_STEP,COORD_R,3ff62f78ec20fa4c
131996664715099,KERR_SCHILD_STEP,COORD_R,3ff61ee7a7c9ad0d
131996665328404,KERR_SCHILD_STEP,COORD_R,3ff60e48ac86cd5f
131996665568085,KERR_SCHILD_STEP,COORD_R,3ff5fd9be5a4fc1c
131996665759575,KERR_SCHILD_STEP,COORD_R,3ff5ece13e306f2c
131996665969455,KERR_SCHILD_STEP,COORD_R,3ff5dc18a0f3d08f
131996666214321,KERR_SCHILD_STEP,COORD_R,3ff5cb41f87716c1
131996666443571,KERR_SCHILD_STEP,COORD_R,3ff5ba5d2efe563d
131996666641578,KERR_SCHILD_STEP,COORD_R,3ff5a96a2e888bf9
131996666840671,KERR_SCHILD_STEP,COORD_R,3ff59868e0ce6099
131996667141620,KERR_SCHILD_STEP,COORD_R,3ff587592f40e42e
131996667448654,KERR_SCHILD_STEP,COORD_R,3ff5763b03084246
131996667634955,KERR_SCHILD_STEP,COORD_R,3ff5650e45026e0c
131996667819033,KERR_SCHILD_STEP,COORD_R,3ff553d2ddc1c649
131996668153762,KERR_SCHILD_STEP,COORD_R,3ff54288b58bb0fb
131996668673777,KERR_SCHILD_STEP,COORD_R,3ff5312fb4572e4c
131996669307599,KERR_SCHILD_STEP,COORD_R,3ff51fc7c1cb629f
131996669835795,KERR_SCHILD_STEP,COORD_R,3ff50e50c53e1771
131996670337167,KERR_SCHILD_STEP,COORD_R,3ff4fccaa5b232c9
131996670830766,KERR_SCHILD_STEP,COORD_R,3ff4eb3549d624e9
131996671907731,KERR_SCHILD_STEP,COORD_R,3ff4d99098024bf3
131996672252076,KERR_SCHILD_STEP,COORD_R,3ff4c7dc76374d36
131996672472549,KERR_SCHILD_STEP,COORD_R,3ff4b618ca1c63cc
131996672756287,KERR_SCHILD_STEP,COORD_R,3ff4a44578fda43a
131996673098543,KERR_SCHILD_STEP,COORD_R,3ff4926267ca34b0
131996673820121,KERR_SCHILD_STEP,COORD_R,3ff4806f7b127991
131996674742133,KERR_SCHILD_STEP,COORD_R,3ff46e6c970635ea
131996675537433,KERR_SCHILD_STEP,COORD_R,3ff45c599f729f67
131996676309937,KERR_SCHILD_STEP,COORD_R,3ff44a3677c0656a
131996676852931,KERR_SCHILD_STEP,COORD_R,3ff4380302f1aad5
131996677432037,KERR_SCHILD_STEP,COORD_R,3ff425bf239ff215
131996677935561,KERR_SCHILD_STEP,COORD_R,3ff4136abbf9fafe
131996678537379,KERR_SCHILD_STEP,COORD_R,3ff40105adc191fe
131996679074517,KERR_SCHILD_STEP,COORD_R,3ff3ee8fda49502c
131996679288690,KERR_SCHILD_STEP,COORD_R,3ff3dc0922724bab
131996679481995,KERR_SCHILD_STEP,COORD_R,3ff3c97166a9b7e3
131996679673216,KERR_SCHILD_STEP,COORD_R,3ff3b6c886e674f7
131996679863036,KERR_SCHILD_STEP,COORD_R,3ff3a40e62a68df5
131996680193389,KERR_SCHILD_STEP,COORD_R,3ff39142d8eca519
131996680505764,KERR_SCHILD_STEP,COORD_R,3ff37e65c83d4d8a
131996680784968,KERR_SCHILD_STEP,COORD_R,3ff36b770e9c51f1
131996681117630,KERR_SCHILD_STEP,COORD_R,3ff358768989e732
131996681421428,KERR_SCHILD_STEP,COORD_R,3ff3456415ffca9d
131996681787451,KERR_SCHILD_STEP,COORD_R,3ff3323f906e4adb
131996682286449,KERR_SCHILD_STEP,COORD_R,3ff31f08d4b93ace
131996682601114,KERR_SCHILD_STEP,COORD_R,3ff30bbfbe34cd9e
131996682920742,KERR_SCHILD_STEP,COORD_R,3ff2f86427a25b1b
131996683359449,KERR_SCHILD_STEP,COORD_R,3ff2e4f5eb2d0b9b
131996684055601,KERR_SCHILD_STEP,COORD_R,3ff2d174e2666a6b
131996684663930,KERR_SCHILD_STEP,COORD_R,3ff2bde0e642dddd
131996685429014,KERR_SCHILD_STEP,COORD_R,3ff2aa39cf1603fd
131996685692656,KERR_SCHILD_STEP,COORD_R,3ff2967f748ef2e3
131996685959977,KERR_SCHILD_STEP,COORD_R,3ff282b1adb45b90
131996686710667,KERR_SCHILD_STEP,COORD_R,3ff26ed050e08e33
131996687451760,KERR_SCHILD_STEP,COORD_R,3ff25adb33bd5eaf
131996688078527,KERR_SCHILD_STEP,COORD_R,3ff246d22b3fe81f
131996688372957,KERR_SCHILD_STEP,COORD_R,3ff232b50ba42e17
131996688654410,KERR_SCHILD_STEP,COORD_R,3ff21e83a8689a44
131996689416586,KERR_SCHILD_STEP,COORD_R,3ff20a3dd4495503
131996689857023,KERR_SCHILD_STEP,COORD_R,3ff1f5e3613b7777
131996690335309,KERR_SCHILD_STEP,COORD_R,3ff1e1742068158e
131996690810060,KERR_SCHILD_STEP,COORD_R,3ff1ccefe2271e5a
131996691152294,KERR_SCHILD_STEP,COORD_R,3ff1b85675fa1108
131996692112067,KERR_SCHILD_STEP,COORD_R,3ff1a3a7aa8684ab
131996693564535,KERR_SCHILD_STEP,COORD_R,3ff18ee34d908102
131996694346268,KERR_SCHILD_STEP,COORD_R,3ff17a092bf4a638
131996695261734,KERR_SCHILD_STEP,COORD_R,3ff1651911a22197
131996695684524,KERR_SCHILD_STEP,COORD_R,3ff15012c9946d00
131996696732391,KERR_SCHILD_STEP,COORD_R,3ff13af61dccd6dd
131996697525521,KERR_SCHILD_STEP,COORD_R,3ff125c2d74bd030
131996698210973,KERR_SCHILD_STEP,COORD_R,3ff11078be09fe31
131996698977309,KERR_SCHILD_STEP,COORD_R,3ff0fb1798f10cdd
131996699701021,EVENT,HORIZON_PENETRATION_SUCCESS,1
131996700667608,KERR_SCHILD_STEP,COORD_R,3ff0e59f2dd43fa5
131996701369077,EVENT,HORIZON_PENETRATION_SUCCESS,1
131996701881146,KERR_SCHILD_STEP,COORD_R,3ff0d00f4168bd54
131996702530970,EVENT,HORIZON_PENETRATION_SUCCESS,1
131996703196684,KERR_SCHILD_STEP,COORD_R,3ff0ba67973d940d
131996704071160,EVENT,HORIZON_PENETRATION_SUCCESS,1
131996704487216,KERR_SCHILD_STEP,COORD_R,3ff0a4a7f1b37224
131996704773463,EVENT,HORIZON_PENETRATION_SUCCESS,1
131996704978618,KERR_SCHILD_STEP,COORD_R,3ff08ed011f4105e
131996705410146,EVENT,HORIZON_PENETRATION_SUCCESS,1
131996705879741,KERR_SCHILD_STEP,COORD_R,3ff078dfb7e949f7
131996706501767,EVENT,HORIZON_PENETRATION_SUCCESS,1
131996707071840,KERR_SCHILD_STEP,COORD_R,3ff062d6a233dea1
131996707596983,EVENT,HORIZON_PENETRATION_SUCCESS,1
131996708106111,KERR_SCHILD_STEP,COORD_R,3ff04cb48e21da66
131996708587236,EVENT,HORIZON_PENETRATION_SUCCESS,1
131996709097409,KERR_SCHILD_STEP,COORD_R,3ff0367937a49f30
131996709565600,EVENT,HORIZON_PENETRATION_SUCCESS,1
131996710072363,KERR_SCHILD_STEP,COORD_R,3ff0202459468b75
131996710736961,EVENT,HORIZON_PENETRATION_SUCCESS,1
131996711381884,KERR_SCHILD_STEP,COORD_R,3ff009b5ac20393a
131996711988508,EVENT,HORIZON_PENETRATION_SUCCESS,1
131996712553382,KERR_SCHILD_STEP,COORD_R,3fefe659cf9aa0d0
131996713165394,EVENT,HORIZON_PENETRATION_SUCCESS,1
131996713753850,KERR_SCHILD_STEP,COORD_R,3fefb91384c1ce2f
131996714385088,EVENT,HORIZON_PENETRATION_SUCCESS,1
131996715184836,KERR_SCHILD_STEP,COORD_R,3fef8b97e0b2d458
131996715825074,EVENT,HORIZON_PENETRATION_SUCCESS,1
131996716431281,KERR_SCHILD_STEP,COORD_R,3fef5de64928107c
131996716943060,EVENT,HORIZON_PENETRATION_SUCCESS,1
131996717481344,KERR_SCHILD_STEP,COORD_R,3fef2ffe207f30fd
131996717912919,EVENT,HORIZON_PENETRATION_SUCCESS,1
131996718320059,KERR_SCHILD_STEP,COORD_R,3fef01dec59ded9d
131996718740555,EVENT,HORIZON_PENETRATION_SUCCESS,1
131996719197522,KERR_SCHILD_STEP,COORD_R,3feed38793d59bd3
131996719659736,EVENT,HORIZON_PENETRATION_SUCCESS,1
131996720202477,KERR_SCHILD_STEP,COORD_R,3feea4f7e2c5900e
131996720702212,EVENT,HORIZON_PENETRATION_SUCCESS,1
131996722153739,KERR_SCHILD_STEP,COORD_R,3fee762f063c3bc4
131996722622449,EVENT,HORIZON_PENETRATION_SUCCESS,1
131996723089849,KERR_SCHILD_STEP,COORD_R,3fee472c4e16f722
131996723557167,EVENT,HORIZON_PENETRATION_SUCCESS,1
131996724101403,KERR_SCHILD_STEP,COORD_R,3fee17ef06206418
131996724642983,EVENT,HORIZON_PENETRATION_SUCCESS,1
131996725154988,KERR_SCHILD_STEP,COORD_R,3fede87675ed575d
131996725567670,EVENT,HORIZON_PENETRATION_SUCCESS,1
131996726071230,KERR_SCHILD_STEP,COORD_R,3fedb8c1e0b832ab
131996726528693,EVENT,HORIZON_PENETRATION_SUCCESS,1
131996726998563,KERR_SCHILD_STEP,COORD_R,3fed88d0853a9a29
131996727416869,EVENT,HORIZON_PENETRATION_SUCCESS,1
131996727803284,KERR_SCHILD_STEP,COORD_R,3fed58a19d856d81
131996728534198,EVENT,HORIZON_PENETRATION_SUCCESS,1
131996729205315,KERR_SCHILD_STEP,COORD_R,3fed28345ed6eb7f
131996729831619,EVENT,HORIZON_PENETRATION_SUCCESS,1
131996730548731,KERR_SCHILD_STEP,COORD_R,3fecf787f96ee570
131996731207145,EVENT,HORIZON_PENETRATION_SUCCESS,1
131996731783594,KERR_SCHILD_STEP,COORD_R,3fecc69b9860e592
131996732182412,EVENT,HORIZON_PENETRATION_SUCCESS,1
131996732499673,KERR_SCHILD_STEP,COORD_R,3fec956e616429fc
131996732687256,EVENT,HORIZON_PENETRATION_SUCCESS,1
131996732872910,KERR_SCHILD_STEP,COORD_R,3fec63ff74a15328
131996733078519,EVENT,HORIZON_PENETRATION_SUCCESS,1
131996733276329,KERR_SCHILD_STEP,COORD_R,3fec324dec7da30d
131996733532643,EVENT,HORIZON_PENETRATION_SUCCESS,1
131996733711285,KERR_SCHILD_STEP,COORD_R,3fec0058dd63a71b
131996733897995,EVENT,HORIZON_PENETRATION_SUCCESS,1
131996734115139,KERR_SCHILD_STEP,COORD_R,3febce1f558924bf
131996734354628,EVENT,HORIZON_PENETRATION_SUCCESS,1
131996734608203,KERR_SCHILD_STEP,COORD_R,3feb9ba05cb21d1d
131996734881084,EVENT,HORIZON_PENETRATION_SUCCESS,1
131996735319396,KERR_SCHILD_STEP,COORD_R,3feb68daf3f0b96b
131996735884015,EVENT,HORIZON_PENETRATION_SUCCESS,1
131996736458673,KERR_SCHILD_STEP,COORD_R,3feb35ce1561ede3
131996736958669,EVENT,HORIZON_PENETRATION_SUCCESS,1
131996737553864,KERR_SCHILD_STEP,COORD_R,3feb0278b3e69d6e
131996738077543,EVENT,HORIZON_PENETRATION_SUCCESS,1
131996738521709,KERR_SCHILD_STEP,COORD_R,3feaced9bad90404
131996739111496,EVENT,HORIZON_PENETRATION_SUCCESS,1
131996739687341,KERR_SCHILD_STEP,COORD_R,3fea9af00dbe2933
131996740251012,EVENT,HORIZON_PENETRATION_SUCCESS,1
131996740783101,KERR_SCHILD_STEP,COORD_R,3fea66ba87f3175b
131996741327597,EVENT,HORIZON_PENETRATION_SUCCESS,1
131996741923994,KERR_SCHILD_STEP,COORD_R,3fea3237fc558eb9
131996742477222,EVENT,HORIZON_PENETRATION_SUCCESS,1
131996743100104,KERR_SCHILD_STEP,COORD_R,3fe9fd6734e7e577
131996743776268,EVENT,HORIZON_PENETRATION_SUCCESS,1
131996744465209,KERR_SCHILD_STEP,COORD_R,3fe9c846f26fbf90
131996744995156,EVENT,HORIZON_PENETRATION_SUCCESS,1
131996745921921,KERR_SCHILD_STEP,COORD_R,3fe992d5ec0f4225
131996746312223,EVENT,HORIZON_PENETRATION_SUCCESS,1
131996747201804,KERR_SCHILD_STEP,COORD_R,3fe95d12ced85e32
131996747713698,EVENT,HORIZON_PENETRATION_SUCCESS,1
131996748200660,KERR_SCHILD_STEP,COORD_R,3fe926fc3d59c5f9
131996748809158,EVENT,HORIZON_PENETRATION_SUCCESS,1
131996749396608,KERR_SCHILD_STEP,COORD_R,3fe8f090cf251713
131996749991949,EVENT,HORIZON_PENETRATION_SUCCESS,1
131996750933797,KERR_SCHILD_STEP,COORD_R,3fe8b9cf104db8c0
131996751825807,EVENT,HORIZON_PENETRATION_SUCCESS,1
131996752529744,KERR_SCHILD_STEP,COORD_R,3fe882b580dfe293
131996753204578,EVENT,HORIZON_PENETRATION_SUCCESS,1
131996753812055,KERR_SCHILD_STEP,COORD_R,3fe84b42944f330d
131996754386908,EVENT,HORIZON_PENETRATION_SUCCESS,1
131996754917005,KERR_SCHILD_STEP,COORD_R,3fe81374b0dc2fae
131996755515165,EVENT,HORIZON_PENETRATION_SUCCESS,1
131996755938811,KERR_SCHILD_STEP,COORD_R,3fe7db4a2eeff892
131996756505974,EVENT,HORIZON_PENETRATION_SUCCESS,1
131996757171677,KERR_SCHILD_STEP,COORD_R,3fe7a2c1586d6893
131996757734467,EVENT,HORIZON_PENETRATION_SUCCESS,1
131996758277203,KERR_SCHILD_STEP,COORD_R,3fe769d867f6c7c0
131996758670810,EVENT,HORIZON_PENETRATION_SUCCESS,1
131996759149614,KERR_SCHILD_STEP,COORD_R,3fe7308d882720d9
131996759568485,EVENT,HORIZON_PENETRATION_SUCCESS,1
131996759968578,KERR_SCHILD_STEP,COORD_R,3fe6f6ded2be32d6
131996760401345,EVENT,HORIZON_PENETRATION_SUCCESS,1
131996760803626,KERR_SCHILD_STEP,COORD_R,3fe6bcca4fbddd16
131996761292867,EVENT,HORIZON_PENETRATION_SUCCESS,1
131996761736318,KERR_SCHILD_STEP,COORD_R,3fe6824df477c755
131996762326123,EVENT,HORIZON_PENETRATION_SUCCESS,1
131996762980736,KERR_SCHILD_STEP,COORD_R,3fe64767a289e584
131996763536081,EVENT,HORIZON_PENETRATION_SUCCESS,1
131996764268801,KERR_SCHILD_STEP,COORD_R,3fe60c1526c8527f
131996764831678,EVENT,HORIZON_PENETRATION_SUCCESS,1
131996765548995,KERR_SCHILD_STEP,COORD_R,3fe5d0543812d2f2
131996766464655,EVENT,HORIZON_PENETRATION_SUCCESS,1
131996767083208,KERR_SCHILD_STEP,COORD_R,3fe59422761422ca
131996767642059,EVENT,HORIZON_PENETRATION_SUCCESS,1
131996768233473,KERR_SCHILD_STEP,COORD_R,3fe5577d67e8fa9c
131996768795700,EVENT,HORIZON_PENETRATION_SUCCESS,1
131996769822546,KERR_SCHILD_STEP,COORD_R,3fe51a627aac7e73
131996770497080,EVENT,HORIZON_PENETRATION_SUCCESS,1
131996771142699,KERR_SCHILD_STEP,COORD_R,3fe4dcceffe783a5
131996771626605,EVENT,HORIZON_PENETRATION_SUCCESS,1
131996772309484,KERR_SCHILD_STEP,COORD_R,3fe49ec02bdfce1e
131996774264232,EVENT,HORIZON_PENETRATION_SUCCESS,1
131996774565473,KERR_SCHILD_STEP,COORD_R,3fe4603313c40de7
131996775101443,EVENT,HORIZON_PENETRATION_SUCCESS,1
131996775448998,KERR_SCHILD_STEP,COORD_R,3fe42124abb10179
131996775671092,EVENT,HORIZON_PENETRATION_SUCCESS,1
131996775909682,KERR_SCHILD_STEP,COORD_R,3fe3e191c48baefa
131996776175996,EVENT,HORIZON_PENETRATION_SUCCESS,1
131996776459645,KERR_SCHILD_STEP,COORD_R,3fe3a17709ac232b
131996776737786,EVENT,HORIZON_PENETRATION_SUCCESS,1
131996777020628,KERR_SCHILD_STEP,COORD_R,3fe360d0fe538dea
131996777295447,EVENT,HORIZON_PENETRATION_SUCCESS,1
131996777560128,KERR_SCHILD_STEP,COORD_R,3fe31f9bfae7e63a
131996777838220,EVENT,HORIZON_PENETRATION_SUCCESS,1
131996778158161,KERR_SCHILD_STEP,COORD_R,3fe2ddd429ee7698
131996778873259,EVENT,HORIZON_PENETRATION_SUCCESS,1
131996779690056,KERR_SCHILD_STEP,COORD_R,3fe29b7584bdc967
131996780415432,EVENT,HORIZON_PENETRATION_SUCCESS,1
131996781148593,KERR_SCHILD_STEP,COORD_R,3fe2587bcfde5dff
131996781741891,EVENT,HORIZON_PENETRATION_SUCCESS,1
131996782589763,KERR_SCHILD_STEP,COORD_R,3fe214e2971052d7
131996783533819,EVENT,HORIZON_PENETRATION_SUCCESS,1
131996783954936,KERR_SCHILD_STEP,COORD_R,3fe1d0a528eabf01
131996784792501,EVENT,HORIZON_PENETRATION_SUCCESS,1
131996785619362,KERR_SCHILD_STEP,COORD_R,3fe18bbe9207c276
131996785968960,EVENT,HORIZON_PENETRATION_SUCCESS,1
131996786353981,KERR_SCHILD_STEP,COORD_R,3fe1462997ae5455
131996786651618,EVENT,HORIZON_PENETRATION_SUCCESS,1
131996786930776,KERR_SCHILD_STEP,COORD_R,3fe0ffe0b1e877af
131996787236115,EVENT,HORIZON_PENETRATION_SUCCESS,1
131996787618953,KERR_SCHILD_STEP,COORD_R,3fe0b8de04f1af48
131996788049036,EVENT,HORIZON_PENETRATION_SUCCESS,1
131996788538054,KERR_SCHILD_STEP,COORD_R,3fe0711b59e62d50
131996788865295,EVENT,HORIZON_PENETRATION_SUCCESS,1
131996789176024,KERR_SCHILD_STEP,COORD_R,3fe0289216973683
131996789384805,EVENT,HORIZON_PENETRATION_SUCCESS,1
131996789572949,KERR_SCHILD_STEP,COORD_R,3fdfbe7668c8b1b7
131996789758409,EVENT,HORIZON_PENETRATION_SUCCESS,1
131996790040256,KERR_SCHILD_STEP,COORD_R,3fdf2a1e6be67630
131996790344405,EVENT,HORIZON_PENETRATION_SUCCESS,1
131996790645492,KERR_SCHILD_STEP,COORD_R,3fde940c3731586f
131996790836310,EVENT,HORIZON_PENETRATION_SUCCESS,1
131996791195312,KERR_SCHILD_STEP,COORD_R,3fddfc2eac79cdd5
131996791461331,EVENT,HORIZON_PENETRATION_SUCCESS,1
131996791791663,KERR_SCHILD_STEP,COORD_R,3fdd627370f49726
131996792120384,EVENT,HORIZON_PENETRATION_SUCCESS,1
131996792481773,KERR_SCHILD_STEP,COORD_R,3fdcc6c6cb51349d
131996792755864,EVENT,HORIZON_PENETRATION_SUCCESS,1
131996793038226,KERR_SCHILD_STEP,COORD_R,3fdc29137cec83a0
131996793327076,EVENT,HORIZON_PENETRATION_SUCCESS,1
131996793557927,KERR_SCHILD_STEP,COORD_R,3fdb894295397356
131996793808143,EVENT,HORIZON_PENETRATION_SUCCESS,1
131996793988885,KERR_SCHILD_STEP,COORD_R,3fdae73b3e45b334
131996794234967,EVENT,HORIZON_PENETRATION_SUCCESS,1
131996794487185,KERR_SCHILD_STEP,COORD_R,3fda42e280fe1123
131996794722518,EVENT,HORIZON_PENETRATION_SUCCESS,1
131996794901040,KERR_SCHILD_STEP,COORD_R,3fd99c1aff81628e
131996795221015,EVENT,HORIZON_PENETRATION_SUCCESS,1
131996795487972,KERR_SCHILD_STEP,COORD_R,3fd8f2c4a363127a
131996795762950,EVENT,HORIZON_PENETRATION_SUCCESS,1
131996796077673,KERR_SCHILD_STEP,COORD_R,3fd846bc3d2f1f1e
131996796430400,EVENT,HORIZON_PENETRATION_SUCCESS,1
131996796718785,KERR_SCHILD_STEP,COORD_R,3fd797db11c4484d
131996796998098,EVENT,HORIZON_PENETRATION_SUCCESS,1
131996797295584,KERR_SCHILD_STEP,COORD_R,3fd6e5f6511d17aa
131996797561199,EVENT,HORIZON_PENETRATION_SUCCESS,1
131996798254805,KERR_SCHILD_STEP,COORD_R,3fd630de70cc376c
131996798577107,EVENT,HORIZON_PENETRATION_SUCCESS,1
131996798786337,KERR_SCHILD_STEP,COORD_R,3fd5785e629f7c9c
131996799019560,EVENT,HORIZON_PENETRATION_SUCCESS,1
131996799321189,KERR_SCHILD_STEP,COORD_R,3fd4bc3a9d584aa4
131996799719381,EVENT,HORIZON_PENETRATION_SUCCESS,1
131996799997045,KERR_SCHILD_STEP,COORD_R,3fd3fc2fe9dc3e49
131996800290248,EVENT,HORIZON_PENETRATION_SUCCESS,1
131996800613273,KERR_SCHILD_STEP,COORD_R,3fd337f1e22d4a15
131996800903121,EVENT,HORIZON_PENETRATION_SUCCESS,1
131996801192178,KERR_SCHILD_STEP,COORD_R,3fd26f290810249f
131996801461987,EVENT,HORIZON_PENETRATION_SUCCESS,1
131996801679427,KERR_SCHILD_STEP,COORD_R,3fd1a1704e3f36de
131996801876482,EVENT,HORIZON_PENETRATION_SUCCESS,1
131996802102869,KERR_SCHILD_STEP,COORD_R,3fd0ce51de35a37f
131996802312704,EVENT,HORIZON_PENETRATION_SUCCESS,1
131996802490960,KERR_SCHILD_STEP,COORD_R,3fcfea85949422bd
131996802675910,EVENT,HORIZON_PENETRATION_SUCCESS,1
131996802902777,KERR_SCHILD_STEP,COORD_R,3fce2b3a62bde26e
131996803098848,EVENT,HORIZON_PENETRATION_SUCCESS,1
131996803304186,KERR_SCHILD_STEP,COORD_R,3fcc5d302545b61a
131996803481303,EVENT,HORIZON_PENETRATION_SUCCESS,1
131996803689803,KERR_SCHILD_STEP,COORD_R,3fca7e772a1a78e6
131996803932935,EVENT,HORIZON_PENETRATION_SUCCESS,1
131996804208666,KERR_SCHILD_STEP,COORD_R,3fc88c9f4e681286
131996804429478,EVENT,HORIZON_PENETRATION_SUCCESS,1
131996804605729,KERR_SCHILD_STEP,COORD_R,3fc68482605be640
131996804782316,EVENT,HORIZON_PENETRATION_SUCCESS,1
131996804958001,KERR_SCHILD_STEP,COORD_R,3fc461ed3a846d62
131996805154951,EVENT,HORIZON_PENETRATION_SUCCESS,1
131996805338139,KERR_SCHILD_STEP,COORD_R,3fc21f09f40ff995
131996805513535,EVENT,HORIZON_PENETRATION_SUCCESS,1
131996805738514,KERR_SCHILD_STEP,COORD_R,3fbf668fd4a2b1a1
131996806047876,EVENT,HORIZON_PENETRATION_SUCCESS,1
131996806344463,KERR_SCHILD_STEP,COORD_R,3fba222800b8193d
131996806625721,EVENT,HORIZON_PENETRATION_SUCCESS,1
131996806903578,KERR_SCHILD_STEP,COORD_R,3fb4408cc8089812
131996807174332,EVENT,HORIZON_PENETRATION_SUCCESS,1
131996807455782,FINAL_STATE,SINGULARITY_APPROACH,1
